Subcategory,Name,Address,Phone,Map,Description,Profile URL
ค่ายซ้อมมวย,บ้านช่างไทย ศิลปะและมวยไทย,38 ถนนสุขุมวิท 63 แขวงคลองตันเหนือ เขตวัฒนา กรุงเทพมหานคร 10110,02-391-3807,"https://maps.google.com/maps/place?q=13.728192,100.588181",มวยไชยา เป็น ศิลปะการต่อสู้ของไทย ที่มีบทบาทสำคัญในการปกป้องบ้านเมืองมาตั้งแต่โบราณกาล มวยไชยา มีที่มาจาก พ่อท่านมา แห่งวัดทุ่งจับช้าง ตำบลพุมเรียง อำเภอไชยา จังหวัดสุราษฎร์ธานี ซึ่งแต่เดิมก่อนพ่อท่านมาจะเข้าอุปสมบทนั้น ท่านเป็นทหารอยู่ในกรุงเทพฯ ดังนั้นมวยไชยาที่แท้จริงแล้วน่าจะเป็นมวยที่มีที่มาอันยาวไกลยากที่จะสืบสาวได้,https://www.yellowpages.co.th/profile/%E0%B8%9A%E0%B9%89%E0%B8%B2%E0%B8%99%E0%B8%8A%E0%B9%88%E0%B8%B2%E0%B8%87%E0%B9%84%E0%B8%97%E0%B8%A2-%E0%B8%A8%E0%B8%B4%E0%B8%A5%E0%B8%9B%E0%B8%B0%E0%B9%81%E0%B8%A5%E0%B8%B0%E0%B8%A1%E0%B8%A7%E0%B8%A2%E0%B9%84%E0%B8%97%E0%B8%A2-93yEMnBpX
ค่ายซ้อมมวย,WUT มวยไทย,31/4 ถนนถ. ราชพฤกษ์ แขวงบางระมาด เขตตลิ่งชัน กรุงเทพมหานคร 10170,082-031-2838,"https://maps.google.com/maps/place?q=13.770630228155,100.44431569573",สถานที่ให้บริการเทรนมวย weight training,https://www.yellowpages.co.th/profile/WUT-%E0%B8%A1%E0%B8%A7%E0%B8%A2%E0%B9%84%E0%B8%97%E0%B8%A2-nbsp-dUXGVzTxB
ค่ายซ้อมมวย,Watchara MuayThai Gym,9 สุขุมวิท ซอย1 แขวงคลองเตยเหนือ เขตวัฒนา กรุงเทพมหานคร 10110,081-874-5566,"https://maps.google.com/maps/place?q=13.743831164376,100.55085285327",MuayThai training for everyone,https://www.yellowpages.co.th/profile/Watchara-MuayThai-Gym-nbsp-dUXGJI00I
ค่ายซ้อมมวย,ฟ้ากะรัตมวยไทยคาร์ดิโอ,218 อาคารชินธวัชชัย ถนนลาดหญ้า แขวงคลองสาน เขตคลองสาน กรุงเทพมหานคร 10600,No Phone,"https://maps.google.com/maps/place?q=13.726571725431,100.49458621709",ยิมมวยไทยเพื่อสุขภาพ เทคนิคมวยไทย คาร์ดิโอ เวทเทรนนิ่ง,https://www.yellowpages.co.th/profile/%E0%B8%9F%E0%B9%89%E0%B8%B2%E0%B8%81%E0%B8%B0%E0%B8%A3%E0%B8%B1%E0%B8%95%E0%B8%A1%E0%B8%A7%E0%B8%A2%E0%B9%84%E0%B8%97%E0%B8%A2%E0%B8%84%E0%B8%B2%E0%B8%A3%E0%B9%8C%E0%B8%94%E0%B8%B4%E0%B9%82%E0%B8%AD-dUXGIoevv
ค่ายซ้อมมวย,หมัดเด็ดมวยไทยยิม,"B Pro Bangna, 63 ซอย บางนา-ตราด 23 แขวงบางนาเหนือ เขตบางนา กรุงเทพมหานคร 10260",02-003-2267,"https://maps.google.com/maps/place?q=13.675149757642,100.63570699791",‘Private Boxing’ รูปแบบตัวต่อตัว,https://www.yellowpages.co.th/profile/%E0%B8%AB%E0%B8%A1%E0%B8%B1%E0%B8%94%E0%B9%80%E0%B8%94%E0%B9%87%E0%B8%94%E0%B8%A1%E0%B8%A7%E0%B8%A2%E0%B9%84%E0%B8%97%E0%B8%A2%E0%B8%A2%E0%B8%B4%E0%B8%A1-dUXH8LyzH
ค่ายซ้อมมวย,Krugot Muay Thai & Fitness Gym,198/1 ช่องนนทรี ถนนถ. นนทรี แขวงช่องนนทรี เขตยานนาวา กรุงเทพมหานคร 10120,099-452-6419,"https://maps.google.com/maps/place?q=13.694297652489,100.53862222601",No Description,https://www.yellowpages.co.th/profile/Krugot-Muay-Thai-amp-Fitness-Gym-dUXHhZV6a
ค่ายซ้อมมวย,วายเอส คิ๊ก สปอร์ต ยิม,31/9  อาคารเจพีบิวดิ้ง ถนนสุขุมวิท 39 แขวงคลองตันเหนือ เขตวัฒนา กรุงเทพมหานคร 10110,081-803-5148,"https://maps.google.com/maps/place?q=13.73284,100.57129","รับฝึกสอนมวยไทย, มวยสากล, รับสอนทั้งเด็กและผู้ใหญ่",https://www.yellowpages.co.th/profile/%E0%B8%A7%E0%B8%B2%E0%B8%A2%E0%B9%80%E0%B8%AD%E0%B8%AA-%E0%B8%84%E0%B8%B4%E0%B9%8A%E0%B8%81-%E0%B8%AA%E0%B8%9B%E0%B8%AD%E0%B8%A3%E0%B9%8C%E0%B8%95-%E0%B8%A2%E0%B8%B4%E0%B8%A1-92JGAP0tO
ค่ายซ้อมมวย,หนึ่งอุบลมวยไทย,26/1 ถนนอุบล-ตระการ 13 ตำบลในเมือง อำเภอเมืองอุบลราชธานี จังหวัดอุบลราชธานี 34000,087-239-3504,"https://maps.google.com/maps/place?q=15.25302,104.87577","หนึ่งอุบลมวยไทยรับสอนมวยไทย-มวยสากล รับสอนมวยไชยาออกกำลังกายเพื่อสุขภาพ โดยหนึ่งอุบลศิษย์เลิศชัย อดีตแชมป์เปี้ยน มวยไทยเวทีลุมพินี 4 รุ่น และแชมป์มวยสากล PABA รับสอนมวยไทยไม่จำกัดเพศและอายุ ** ค่าเรียน 1000/เดือน (เสาร์-อาทิตย์ เวลา 16.00-18.00 น.) **ค่าเรียน 2000/เดือน (จันทร์-ศุกร์ เวลา 17.00-18.30 น.) หมายเหตุ : ต่างชาติ 6000/เดือน,",https://www.yellowpages.co.th/profile/%E0%B8%AB%E0%B8%99%E0%B8%B6%E0%B9%88%E0%B8%87%E0%B8%AD%E0%B8%B8%E0%B8%9A%E0%B8%A5%E0%B8%A1%E0%B8%A7%E0%B8%A2%E0%B9%84%E0%B8%97%E0%B8%A2-93FtwoJD5
ค่ายซ้อมมวย,RSM Academy (Muay Thai),23 ถนนถ. สุขุมวิท แขวงคลองตันเหนือ เขตวัฒนา กรุงเทพมหานคร 10110,02-661-6292,"https://maps.google.com/maps/place?q=13.736202188507,100.56254549506",No Description,https://www.yellowpages.co.th/profile/RSM-Academy-Muay-Thai-nbsp-dUXHcIR5k
ค่ายซ้อมมวย,บริษัท ไทเกอร์ มวยไทย (ไทยแลนด์) จำกัด,7/35 หมู่ 5 ซอยตาเอียด ตำบลฉลอง อำเภอเมืองภูเก็ต จังหวัดภูเก็ต 83130,076-367-071,No Map,เรียนมวยไทย,https://www.yellowpages.co.th/profile/%E0%B8%9A%E0%B8%A3%E0%B8%B4%E0%B8%A9%E0%B8%B1%E0%B8%97-%E0%B9%84%E0%B8%97%E0%B9%80%E0%B8%81%E0%B8%AD%E0%B8%A3%E0%B9%8C-%E0%B8%A1%E0%B8%A7%E0%B8%A2%E0%B9%84%E0%B8%97%E0%B8%A2-%E0%B9%84%E0%B8%97%E0%B8%A2%E0%B9%81%E0%B8%A5%E0%B8%99%E0%B8%94%E0%B9%8C-%E0%B8%88%E0%B8%B3%E0%B8%81%E0%B8%B1%E0%B8%94-938OrMLaa
ค่ายซ้อมมวย,บริษัท อินแกรม สปอร์ต (ประเทศไทย) จำกัด,3647/3 ถนนพระราม 4 แขวงพระโขนง เขตคลองเตย กรุงเทพมหานคร 10110,02-204-1970,No Map,"ค่ายมวย เปิดสอนมวยไทยศิลปะ,วิชาป้องกันตัว",https://www.yellowpages.co.th/profile/%E0%B8%9A%E0%B8%A3%E0%B8%B4%E0%B8%A9%E0%B8%B1%E0%B8%97-%E0%B8%AD%E0%B8%B4%E0%B8%99%E0%B9%81%E0%B8%81%E0%B8%A3%E0%B8%A1-%E0%B8%AA%E0%B8%9B%E0%B8%AD%E0%B8%A3%E0%B9%8C%E0%B8%95-%E0%B8%9B%E0%B8%A3%E0%B8%B0%E0%B9%80%E0%B8%97%E0%B8%A8%E0%B9%84%E0%B8%97%E0%B8%A2-%E0%B8%88%E0%B8%B3%E0%B8%81%E0%B8%B1%E0%B8%94-93jHvwmuu
ค่ายซ้อมมวย,บริษัท พยัคฆินทร์ บ็อกซิ่ง จำกัด,3 ซอย 58 ถนนอุดมสุข แขวงบางนา เขตบางนา กรุงเทพมหานคร 10260,02-748-8993,No Map,No Description,https://www.yellowpages.co.th/profile/%E0%B8%9A%E0%B8%A3%E0%B8%B4%E0%B8%A9%E0%B8%B1%E0%B8%97-%E0%B8%9E%E0%B8%A2%E0%B8%B1%E0%B8%84%E0%B8%86%E0%B8%B4%E0%B8%99%E0%B8%97%E0%B8%A3%E0%B9%8C-%E0%B8%9A%E0%B9%87%E0%B8%AD%E0%B8%81%E0%B8%8B%E0%B8%B4%E0%B9%88%E0%B8%87-%E0%B8%88%E0%B8%B3%E0%B8%81%E0%B8%B1%E0%B8%94-93Y4gDwp8
ค่ายซ้อมมวย,บริษัท ครูดามมวยไทยกรุ๊ป จำกัด,999 ซอย 55/8 ถนนรามอินทรา แขวงท่าแร้ง เขตบางเขน กรุงเทพมหานคร 10220,02-363-6618,No Map,รับสอนมวยไทยและจำหน่ายอุปกรณ์มวยไทย,https://www.yellowpages.co.th/profile/%E0%B8%9A%E0%B8%A3%E0%B8%B4%E0%B8%A9%E0%B8%B1%E0%B8%97-%E0%B8%84%E0%B8%A3%E0%B8%B9%E0%B8%94%E0%B8%B2%E0%B8%A1%E0%B8%A1%E0%B8%A7%E0%B8%A2%E0%B9%84%E0%B8%97%E0%B8%A2%E0%B8%81%E0%B8%A3%E0%B8%B8%E0%B9%8A%E0%B8%9B-%E0%B8%88%E0%B8%B3%E0%B8%81%E0%B8%B1%E0%B8%94-93XDHryGf
ค่ายซ้อมมวย,สมาพันธ์มวยอาชีพภาคใต้ สนามมวย,312 ถนนสัจจกุล ตำบลหาดใหญ่ อำเภอหาดใหญ่ จังหวัดสงขลา 90110,074-253-414,No Map,No Description,https://www.yellowpages.co.th/profile/%E0%B8%AA%E0%B8%A1%E0%B8%B2%E0%B8%9E%E0%B8%B1%E0%B8%99%E0%B8%98%E0%B9%8C%E0%B8%A1%E0%B8%A7%E0%B8%A2%E0%B8%AD%E0%B8%B2%E0%B8%8A%E0%B8%B5%E0%B8%9E%E0%B8%A0%E0%B8%B2%E0%B8%84%E0%B9%83%E0%B8%95%E0%B9%89-%E0%B8%AA%E0%B8%99%E0%B8%B2%E0%B8%A1%E0%B8%A1%E0%B8%A7%E0%B8%A2-92Hsstpwa
ค่ายซ้อมมวย,บริษัท มวยไทยโลก จำกัด,317 ถนนพหลโยธิน ตำบลประชาธิปัตย์ อำเภอธัญบุรี จังหวัดปทุมธานี 12130,02-992-0096,No Map,สอนมวยไทย ค่ายซ้อมมวย,https://www.yellowpages.co.th/profile/%E0%B8%9A%E0%B8%A3%E0%B8%B4%E0%B8%A9%E0%B8%B1%E0%B8%97-%E0%B8%A1%E0%B8%A7%E0%B8%A2%E0%B9%84%E0%B8%97%E0%B8%A2%E0%B9%82%E0%B8%A5%E0%B8%81-%E0%B8%88%E0%B8%B3%E0%B8%81%E0%B8%B1%E0%B8%94-7eQiA4DxV
บิลเลียด สนุกเกอร์ พูล โกล์,ขายโต๊ะสนุ๊ก บอส์ส สนุกเกอร์,1532/6-7 ซอยกรุงเทพ-นนทบุรี 36 ถนนตลาดบางซ่อน แขวงบางซื่อ เขตบางซื่อ กรุงเทพมหานคร 10800,02-911-3909,"https://maps.google.com/maps/place?q=13.820749,100.532761","ร้านสนุกเกอร์ บอส์ส ศูนย์จำหน่ายและบริการซ่อมพร้อมอะไหล่ โต๊ะสนุกเกอร์ BOSS Snooker Table, โต๊ะพูล BOSS POOL Table และ โต๊ะโกล์ไทย BOSS Soccer Table สินค้าใหม่มือหนึ่ง พร้อมอุปกรณ์ขายส่ง ขายปลีก ชุด โต๊ะสนุกเกอร์มาตรฐาน BOSS ขนาด 6ฟุต x 12ฟุต พร้อมอุปกรณ์การเล่น ลูกสนุกเกอร์, ไม้คิว, ไม้เร็ส, ชอล์ก, ผ้าคลุมโต๊ะสนุกเกอร์, กระดานเขียน,...",https://www.yellowpages.co.th/profile/%E0%B8%82%E0%B8%B2%E0%B8%A2%E0%B9%82%E0%B8%95%E0%B9%8A%E0%B8%B0%E0%B8%AA%E0%B8%99%E0%B8%B8%E0%B9%8A%E0%B8%81-%E0%B8%9A%E0%B8%AD%E0%B8%AA%E0%B9%8C%E0%B8%AA-%E0%B8%AA%E0%B8%99%E0%B8%B8%E0%B8%81%E0%B9%80%E0%B8%81%E0%B8%AD%E0%B8%A3%E0%B9%8C-2WNyRE7oa
บิลเลียด สนุกเกอร์ พูล โกล์,จินฉิว ราม 2 อุปกรณ์โต๊ะสนุ๊ก,52/20-21 ถนนบางนา-ตราด กม 9 แขวงดอกไม้ เขตประเวศ กรุงเทพมหานคร 10250,02-751-6586,"https://maps.google.com/maps/place?q=13.6674278,100.67885",จำหน่าย: โต๊ะสนุกเกอร์/โต๊ะพลูใหม่ โต๊ะสนุกเกอร์มือสองทุกยี่ห้อ โต๊ะพลูมือสอง แบบทรงจากประเทศอังกฤษและอุปกรณ์สนุกเกอร์ทุกชนิด หินชนวนนอก ยี่ห้อ ARDESIA BICCIO S/O ขายราคาพิเศษ สินค้านำเข้าโดยตรง มีโต๊ะสนุกเกอร์ให้เช่า โต๊ะพลูให้เช่าทุกขนาด ราคาถูกบริการ: ซ่อมโต๊ะสนุกเกอร์ ซ่อมโต๊ะพลู ทำสีโต๊ะสนุกเกอร์ใหม่ ทำสีโต๊ะพลู...,https://www.yellowpages.co.th/profile/%E0%B8%88%E0%B8%B4%E0%B8%99%E0%B8%89%E0%B8%B4%E0%B8%A7-%E0%B8%A3%E0%B8%B2%E0%B8%A1-2-%E0%B8%AD%E0%B8%B8%E0%B8%9B%E0%B8%81%E0%B8%A3%E0%B8%93%E0%B9%8C%E0%B9%82%E0%B8%95%E0%B9%8A%E0%B8%B0%E0%B8%AA%E0%B8%99%E0%B8%B8%E0%B9%8A%E0%B8%81-8JVwHasne
บิลเลียด สนุกเกอร์ พูล โกล์,ภาษีเจริญ สปอร์ต,380 ซอยเพชรเกษม 68 แขวงบางแคเหนือ เขตบางแค กรุงเทพมหานคร 10160,081-810-2587,"https://maps.google.com/maps/place?q=13.71606,100.43666","โต๊ะสนุกเกอร์, โต๊ะสนุ้กเกอร์, โต๊ะสนุ๊กเกอร์, โต๊ะพลู, โต๊ะอเมริกันพลู ไม้คิว, ผ้าสักหลาด, บิลเลียด, โต๊ะบิลเลียด, นาฬิกาจับเวลา, อุปกรณ์สนุ๊กเกอร์",https://www.yellowpages.co.th/profile/%E0%B8%A0%E0%B8%B2%E0%B8%A9%E0%B8%B5%E0%B9%80%E0%B8%88%E0%B8%A3%E0%B8%B4%E0%B8%8D-%E0%B8%AA%E0%B8%9B%E0%B8%AD%E0%B8%A3%E0%B9%8C%E0%B8%95-4Vk3Yn8sF
ผู้รับเหมาสร้างสระว่ายน้ำ,รับสร้างสระว่ายน้ำ ซ่อมแซมสระว่ายน้ำ - พี อี เคมิคอล แอนด์ เซอร์วิส,34/41 หมู่ที่ 4ซอยทุ่งมังกร 10ถนนบรมราชชนนีแขวงฉิมพลีเขตตลิ่งชันกรุงเทพมหานคร10170,02-884-1092-3,#,No Description,https://www.รับซ่อมสระว่ายน้ำ.com
ผู้รับเหมาสร้างสระว่ายน้ำ,บริษัท วี พูล ชอป จำกัด,43 ซอยลาดปลาเค้า 36 แขวงจรเข้บัว เขตลาดพร้าว กรุงเทพมหานคร 10230,02-940-3046-7,"https://maps.google.com/maps/place?q=13.84289,100.59957","จำหน่าย อุปกรณ์สระว่ายน้ำ อ่างสปา ตู้เซาน่า เครื่องกรองน้ำดื่มน้ำใช้ อุปกรณ์น้ำพุ น้ำตกถังกรองทราย,ถังกรองผ้า,ปั๊มสระว่ายน้ำ, ปั๊มจ่ายคลอรีน, ปั๊มกรอง, วาลว์, เครื่องเกลือคลอรีน,คลอรีน , อุปกรณ์สระว่ายน้ำ, น้ำพุ, น้ำตก, ไฟใต้น้ำ, บันไดสระ, หัวจ่ายน้ำ, ตะแกรงน้ำล้น, เครื่องมือตรวจสภาพน้ำ, ตู้เซาน่า, อ่างสปา, จากุซซี่, เจ็ทสปา, สายดูด,...",https://www.yellowpages.co.th/profile/%E0%B8%9A%E0%B8%A3%E0%B8%B4%E0%B8%A9%E0%B8%B1%E0%B8%97-%E0%B8%A7%E0%B8%B5-%E0%B8%9E%E0%B8%B9%E0%B8%A5-%E0%B8%8A%E0%B8%AD%E0%B8%9B-%E0%B8%88%E0%B8%B3%E0%B8%81%E0%B8%B1%E0%B8%94-92Cog0Z6n
ผู้รับเหมาสร้างสระว่ายน้ำ,บริษัท พูลแอนด์สปา โปรดักส์ จำกัด,937-9 ถนนสุขุมวิท 51 แขวงคลองตันเหนือ เขตวัฒนา กรุงเทพมหานคร 10110,02-259-6248-9,"https://maps.google.com/maps/place?q=13.69596,100.73007",บริษัท พลูแอนด์ สปา จำกัดบริการออกแบบสระว่ายน้ำคอนกรีต สระว่ายน้ำ การกีฬา สโมสร สระว่ายน้ำส่วนตัว รับเหมาก่อสร้างสระว่ายน้ำสระว่ายน้ำคอนกรีตไร้รอยต่อ และสระสำเร็จรูปไฟเบอร์กลาส และ ไวนิล ติดตั้งปั๊มและอุปกรณ์สระว่ายน้ำ ชุดออกกำลังกายว่ายทวนกระแสน้ำ (Badu Jet) ระบบธาราบำบัด อุปกรณ์น้ำพุ น้ำตก ประติมากรรม และ เครื่องเล่นสำหรับสระว่ายน้ำ...,https://www.yellowpages.co.th/profile/%E0%B8%9A%E0%B8%A3%E0%B8%B4%E0%B8%A9%E0%B8%B1%E0%B8%97-%E0%B8%9E%E0%B8%B9%E0%B8%A5%E0%B9%81%E0%B8%AD%E0%B8%99%E0%B8%94%E0%B9%8C%E0%B8%AA%E0%B8%9B%E0%B8%B2-%E0%B9%82%E0%B8%9B%E0%B8%A3%E0%B8%94%E0%B8%B1%E0%B8%81%E0%B8%AA%E0%B9%8C-%E0%B8%88%E0%B8%B3%E0%B8%81%E0%B8%B1%E0%B8%94-10eriS7FQ
ผู้รับเหมาสร้างสระว่ายน้ำ,อุปกรณ์สระว่ายน้ำ  รับออกแบบและสร้างสระว่ายน้ำ พูลแอนด์สปา โปรดักส์,40/2 ถนนกิ่งแก้ว ตำบลราชาเทวะ อำเภอบางพลี จังหวัดสมุทรปราการ 10540,02-738-5088-99,"https://maps.google.com/maps/place?q=13.69596,100.73007",บริษัท พลูแอนด์ สปา จำกัดบริการออกแบบสระว่ายน้ำคอนกรีต สระว่ายน้ำ การกีฬา สโมสร สระว่ายน้ำส่วนตัว รับเหมาก่อสร้างสระว่ายน้ำสระว่ายน้ำคอนกรีตไร้รอยต่อ และสระสำเร็จรูปไฟเบอร์กลาส และ ไวนิล ติดตั้งปั๊มและอุปกรณ์สระว่ายน้ำ ชุดออกกำลังกายว่ายทวนกระแสน้ำ (Badu Jet) ระบบธาราบำบัด อุปกรณ์น้ำพุ น้ำตก ประติมากรรม และ เครื่องเล่นสำหรับสระว่ายน้ำ...,https://www.yellowpages.co.th/profile/%E0%B8%AD%E0%B8%B8%E0%B8%9B%E0%B8%81%E0%B8%A3%E0%B8%93%E0%B9%8C%E0%B8%AA%E0%B8%A3%E0%B8%B0%E0%B8%A7%E0%B9%88%E0%B8%B2%E0%B8%A2%E0%B8%99%E0%B9%89%E0%B8%B3-%E0%B8%A3%E0%B8%B1%E0%B8%9A%E0%B8%AD%E0%B8%AD%E0%B8%81%E0%B9%81%E0%B8%9A%E0%B8%9A%E0%B9%81%E0%B8%A5%E0%B8%B0%E0%B8%AA%E0%B8%A3%E0%B9%89%E0%B8%B2%E0%B8%87%E0%B8%AA%E0%B8%A3%E0%B8%B0%E0%B8%A7%E0%B9%88%E0%B8%B2%E0%B8%A2%E0%B8%99%E0%B9%89%E0%B8%B3-%E0%B8%9E%E0%B8%B9%E0%B8%A5%E0%B9%81%E0%B8%AD%E0%B8%99%E0%B8%94%E0%B9%8C%E0%B8%AA%E0%B8%9B%E0%B8%B2-%E0%B9%82%E0%B8%9B%E0%B8%A3%E0%B8%94%E0%B8%B1%E0%B8%81%E0%B8%AA%E0%B9%8C-10eriS7FR
ผู้รับเหมาสร้างสระว่ายน้ำ,บริษัท พูลแอนด์สปา โปรดักส์ จำกัด,40/2 ถนนกิ่งแก้ว ตำบลราชาเทวะ อำเภอบางพลี จังหวัดสมุทรปราการ 10540,02-738-5088-99,"https://maps.google.com/maps/place?q=13.69596,100.73007",บริษัท พลูแอนด์ สปา จำกัดบริการออกแบบสระว่ายน้ำคอนกรีต สระว่ายน้ำ การกีฬา สโมสร สระว่ายน้ำส่วนตัว รับเหมาก่อสร้างสระว่ายน้ำสระว่ายน้ำคอนกรีตไร้รอยต่อ และสระสำเร็จรูปไฟเบอร์กลาส และ ไวนิล ติดตั้งปั๊มและอุปกรณ์สระว่ายน้ำ ชุดออกกำลังกายว่ายทวนกระแสน้ำ (Badu Jet) ระบบธาราบำบัด อุปกรณ์น้ำพุ น้ำตก ประติมากรรม และ เครื่องเล่นสำหรับสระว่ายน้ำ...,https://www.yellowpages.co.th/profile/%E0%B8%9A%E0%B8%A3%E0%B8%B4%E0%B8%A9%E0%B8%B1%E0%B8%97-%E0%B8%9E%E0%B8%B9%E0%B8%A5%E0%B9%81%E0%B8%AD%E0%B8%99%E0%B8%94%E0%B9%8C%E0%B8%AA%E0%B8%9B%E0%B8%B2-%E0%B9%82%E0%B8%9B%E0%B8%A3%E0%B8%94%E0%B8%B1%E0%B8%81%E0%B8%AA%E0%B9%8C-%E0%B8%88%E0%B8%B3%E0%B8%81%E0%B8%B1%E0%B8%94-10eriS7FP
ผู้รับเหมาสร้างสระว่ายน้ำ,บริษัท พูล โปรแอนด์แล็บ จำกัด,2184-2186   ถนนเพชรบุรีตัดใหม่ แขวงบางกะปิ เขตห้วยขวาง กรุงเทพมหานคร 10310,02-319-9637,"https://maps.google.com/maps/place?q=13.7456506,100.5800097","สินค้า และอุปกรณ์สระว่ายน้ำครบวงจร ผลิตภัณฑ์ปรับสภาพน้ำ, เครื่องมือวิเคราะห์คุณภาพน้ำ, อุปกรณ์ทำความสะอาดสระ, หุ่นยนต์ทำความสะอาดสระ, ระบบเกลือ, ไฟใต้น้ำ, ฟิตติ้ง, ปั๊มสระ, ระบบกรอง, อะไหล่, ผ้าคลุมสระ, ระบบทำน้ำอุ่นบริการตรวจวิเคราะห์คุณภาพน้ำด้วยระบบคอมพิวเตอร์เพราะสระของคุณก็ต้องการ การดูแลอย่างพิถีพิถัน ที่ Pool Pro&Lab...",https://www.yellowpages.co.th/profile/%E0%B8%9A%E0%B8%A3%E0%B8%B4%E0%B8%A9%E0%B8%B1%E0%B8%97-%E0%B8%9E%E0%B8%B9%E0%B8%A5-%E0%B9%82%E0%B8%9B%E0%B8%A3%E0%B9%81%E0%B8%AD%E0%B8%99%E0%B8%94%E0%B9%8C%E0%B9%81%E0%B8%A5%E0%B9%87%E0%B8%9A-%E0%B8%88%E0%B8%B3%E0%B8%81%E0%B8%B1%E0%B8%94-93XaCj3AY
ผู้รับเหมาสร้างสระว่ายน้ำ,เจ ดี พูลส์ กรุ๊ป,2192 ถนนเพชรบุรีตัดใหม่ แขวงบางกะปิ เขตห้วยขวาง กรุงเทพมหานคร 10310,095-902-6555,"https://maps.google.com/maps/place?q=13.745595446087,100.58017559018",บริการ สระคอนกรีต สระไฟเบอร์กลาส ทั้งในประเทศและต่างประเทศสินค้าของ เจ.ดี.พูลส์ ถูกพัฒนาโดยคอนเซ็ปต์สินค้าที่ทดแทนการสร้างสระกระเบื้อง ซึ่งบ่อยครั้งพบว่ามีปัญหา โครงสร้างแตกร้าว กระเบื้องแตก หรือกแม้แต่ระบบท่อที่ยุ่งยากซับซ้อน ใช้เวลาในการก่อสร้างนาน นวัตกรรมสินค้าจึงถูกพัฒนามาเป็น 2 Concept คือConcept ที่ 1 Concept...,https://www.yellowpages.co.th/profile/%E0%B9%80%E0%B8%88-%E0%B8%94%E0%B8%B5-%E0%B8%9E%E0%B8%B9%E0%B8%A5%E0%B8%AA%E0%B9%8C-%E0%B8%81%E0%B8%A3%E0%B8%B8%E0%B9%8A%E0%B8%9B-8MJwESlVf
ผู้รับเหมาสร้างสระว่ายน้ำ,บริษัท ๑ ทองคำ อินเตอร์เนชั่นแนล จำกัด,80 หมู่ 5 ตำบลบ้านเดื่อ อำเภอเมืองหนองคาย จังหวัดหนองคาย 43000,084-400-9254,No Map,รับสร้างบ้าน อาคาร คอนโดและอพาร์ทเม้นต์รับสร้างสระว่ายน้ำและธาราบำบัดรับออกแบบบ้านและสระว่ายน้ำรับติดตั้งและซ่อมแซมระบบสระว่ายน้ำรับทำความสะอาดสระว่ายน้ำและแก้ไขปัญหาน้ำขุ่นเขียวจำหน่ายอุปกรณ์สระว่ายน้ำทุกชนิด เช่น ปั๊ม เครื่องกรอง เครื่องผลิตคลอรีนจากเกลือ ฯลฯจำหน่ายเคมีภัณฑ์ของสระว่ายน้ำและประปา เช่น คลอรีน กรดเกลือ...,https://www.yellowpages.co.th/profile/%E0%B8%9A%E0%B8%A3%E0%B8%B4%E0%B8%A9%E0%B8%B1%E0%B8%97-%E0%B9%91-%E0%B8%97%E0%B8%AD%E0%B8%87%E0%B8%84%E0%B8%B3-%E0%B8%AD%E0%B8%B4%E0%B8%99%E0%B9%80%E0%B8%95%E0%B8%AD%E0%B8%A3%E0%B9%8C%E0%B9%80%E0%B8%99%E0%B8%8A%E0%B8%B1%E0%B9%88%E0%B8%99%E0%B9%81%E0%B8%99%E0%B8%A5-%E0%B8%88%E0%B8%B3%E0%B8%81%E0%B8%B1%E0%B8%94-93ZzvYlgI
ผู้รับเหมาสร้างสระว่ายน้ำ,ห้างหุ้นส่วนจำกัด การช่างสุขาภิบาล,916/1-2 ถนนลาดพร้าว แขวงสามเสนนอก เขตห้วยขวาง กรุงเทพมหานคร 10310,02-511-4684,"https://maps.google.com/maps/place?q=13.7993,100.58494","ผู้จำหน่ายปลีก-ส่ง อุปกรณ์สระว่ายน้ำ, เครื่องกรองน้ำสำหรับสระว่ายน้ำ, ระบบน้ำประปา, เครื่องกรองน้ำ, เคมีภัณฑ์ต่างๆสำหรับสระว่ายน้ำ, คลอรีน, ผงกรอง, โซดาแอด, สไลด์เดอร์, บันไดลงสระว่ายน้ำจากสเปน, ถังกรองสระว่ายน้ำ, ชุดเทสสระว่ายน้ำ, หัวดูดตะกอน, แปรงปัดสระว่ายน้ำ, อุปกรณ์ทำความสะอาดสระว่ายน้ำ, Swimming Pool Equipment, Water Treatment Equipment,...",https://www.yellowpages.co.th/profile/%E0%B8%AB%E0%B9%89%E0%B8%B2%E0%B8%87%E0%B8%AB%E0%B8%B8%E0%B9%89%E0%B8%99%E0%B8%AA%E0%B9%88%E0%B8%A7%E0%B8%99%E0%B8%88%E0%B8%B3%E0%B8%81%E0%B8%B1%E0%B8%94-%E0%B8%81%E0%B8%B2%E0%B8%A3%E0%B8%8A%E0%B9%88%E0%B8%B2%E0%B8%87%E0%B8%AA%E0%B8%B8%E0%B8%82%E0%B8%B2%E0%B8%A0%E0%B8%B4%E0%B8%9A%E0%B8%B2%E0%B8%A5-ggdcB2pw
ผู้รับเหมาสร้างสระว่ายน้ำ,มิสเตอร์พูล ปากช่อง,176/49-50 ถนนมิตรภาพ ตำบลปากช่อง อำเภอปากช่อง จังหวัดนครราชสีมา 30130,044-756-883,"https://maps.google.com/maps/place?q=14.6592756,101.3839995",No Description,https://www.yellowpages.co.th/profile/%E0%B8%A1%E0%B8%B4%E0%B8%AA%E0%B9%80%E0%B8%95%E0%B8%AD%E0%B8%A3%E0%B9%8C%E0%B8%9E%E0%B8%B9%E0%B8%A5-%E0%B8%9B%E0%B8%B2%E0%B8%81%E0%B8%8A%E0%B9%88%E0%B8%AD%E0%B8%87-dULqjgzEj
ลานสเกต,ซับ-ซีโร่ ไอซ์สเก็ต คลับ,37/139  เอสพลานาดซีนีเพล็กซ์ ถนนรัตนาธิเบศร์ ตำบลบางกระสอ อำเภอเมืองนนทบุรี จังหวัดนนทบุรี 11000,02-591-2925,No Map,ลานสเก็ตน้ำแข็ง,https://www.yellowpages.co.th/profile/%E0%B8%8B%E0%B8%B1%E0%B8%9A-%E0%B8%8B%E0%B8%B5%E0%B9%82%E0%B8%A3%E0%B9%88-%E0%B9%84%E0%B8%AD%E0%B8%8B%E0%B9%8C%E0%B8%AA%E0%B9%80%E0%B8%81%E0%B9%87%E0%B8%95-%E0%B8%84%E0%B8%A5%E0%B8%B1%E0%B8%9A-92mn5Tdwd
ลานสเกต,บริษัท ลาดพร้าว สปอร์ต พลาซ่า จำกัด,2539  อิมพีเรียลลาดพร้าว ถนนลาดพร้าว แขวงวังทองหลาง เขตวังทองหลาง กรุงเทพมหานคร 10310,02-934-9251-3,No Map,ลานสเก็ตน้ำแข็ง,https://www.yellowpages.co.th/profile/%E0%B8%9A%E0%B8%A3%E0%B8%B4%E0%B8%A9%E0%B8%B1%E0%B8%97-%E0%B8%A5%E0%B8%B2%E0%B8%94%E0%B8%9E%E0%B8%A3%E0%B9%89%E0%B8%B2%E0%B8%A7-%E0%B8%AA%E0%B8%9B%E0%B8%AD%E0%B8%A3%E0%B9%8C%E0%B8%95-%E0%B8%9E%E0%B8%A5%E0%B8%B2%E0%B8%8B%E0%B9%88%E0%B8%B2-%E0%B8%88%E0%B8%B3%E0%B8%81%E0%B8%B1%E0%B8%94-4Vl9nOGmY
ลานสเกต,ซับ-ซีโร่ ไอซ์สเก็ต คลับ,99  ศูนย์การค้าเอสพลานาต ถนนรัชดาภิเษก แขวงดินแดง เขตดินแดง กรุงเทพมหานคร 10400,02-354-2134,No Map,ลานสเก็ตน้ำแข็ง,https://www.yellowpages.co.th/profile/%E0%B8%8B%E0%B8%B1%E0%B8%9A-%E0%B8%8B%E0%B8%B5%E0%B9%82%E0%B8%A3%E0%B9%88-%E0%B9%84%E0%B8%AD%E0%B8%8B%E0%B9%8C%E0%B8%AA%E0%B9%80%E0%B8%81%E0%B9%87%E0%B8%95-%E0%B8%84%E0%B8%A5%E0%B8%B1%E0%B8%9A-92mn5Tdwc
ลานสเกต,บริษัท เมจิกไอซ์สเก็ตติ้ง จำกัด,999/1 ถนนสุขุมวิท ตำบลสำโรงเหนือ อำเภอเมืองสมุทรปราการ จังหวัดสมุทรปราการ 10270,02-380-4230-2,No Map,ลานสเก็ตให้เช่า เพื่อเล่นสเก็ต,https://www.yellowpages.co.th/profile/%E0%B8%9A%E0%B8%A3%E0%B8%B4%E0%B8%A9%E0%B8%B1%E0%B8%97-%E0%B9%80%E0%B8%A1%E0%B8%88%E0%B8%B4%E0%B8%81%E0%B9%84%E0%B8%AD%E0%B8%8B%E0%B9%8C%E0%B8%AA%E0%B9%80%E0%B8%81%E0%B9%87%E0%B8%95%E0%B8%95%E0%B8%B4%E0%B9%89%E0%B8%87-%E0%B8%88%E0%B8%B3%E0%B8%81%E0%B8%B1%E0%B8%94-92nJ5RSnd
ศูนย์ออกกำลังกาย,ฟิตเนสรามคำแหง ราคาถูก - Snap Gym,Unknown,065-909-7949,#,No Description,https://www.snapgym39.com
ศูนย์ออกกำลังกาย,ฟิตเนสกรุงเทพ - เอส เจ ยิม,Unknown,092-978-3223,#,No Description,https://www.ฟิตเนสใกล้ฉัน.com
ศูนย์ออกกำลังกาย,พัลซ สปอร์ตคลับ,สาขา 3 ร 8 ตำบลในเมือง อำเภอเมืองขอนแก่น จังหวัดขอนแก่น 40000,091-113-3833,No Map,"ฟิตเนส และสระว่ายน้ำ ขอนแก่น ศูนย์ออกกำลังกาย ขอนแก่น, ศูนย์ออกกำลังกายครบวงจร ขอนแก่น, สปอร์ตคลับ ขอนแก่น, สระว่ายน้ำ ขอนแก่น, ฟิตเนส ขอนแก่น, ศูนย์ฟิตเนส ขอนแก่น, Fitness, สปอร์ตคลับ, พร้อมเจ้าหน้าที่เชี่ยวชาญด้านการออกกำลังกายดูแลอย่างใกล้ชิด",https://www.yellowpages.co.th/profile/%E0%B8%9E%E0%B8%B1%E0%B8%A5%E0%B8%8B-%E0%B8%AA%E0%B8%9B%E0%B8%AD%E0%B8%A3%E0%B9%8C%E0%B8%95%E0%B8%84%E0%B8%A5%E0%B8%B1%E0%B8%9A-91Swnyy2C
ศูนย์ออกกำลังกาย,พัลซ สปอร์ตคลับ,สาขา 2 ต้นตาล ตำบลในเมือง อำเภอเมืองขอนแก่น จังหวัดขอนแก่น 40000,094-264-000,No Map,"ฟิตเนส และสระว่ายน้ำ ขอนแก่น ศูนย์ออกกำลังกาย ขอนแก่น, ศูนย์ออกกำลังกายครบวงจร ขอนแก่น, สปอร์ตคลับ ขอนแก่น, สระว่ายน้ำ ขอนแก่น, ฟิตเนส ขอนแก่น, ศูนย์ฟิตเนส ขอนแก่น, Fitness, สปอร์ตคลับ, พร้อมเจ้าหน้าที่เชี่ยวชาญด้านการออกกำลังกายดูแลอย่างใกล้ชิด",https://www.yellowpages.co.th/profile/%E0%B8%9E%E0%B8%B1%E0%B8%A5%E0%B8%8B-%E0%B8%AA%E0%B8%9B%E0%B8%AD%E0%B8%A3%E0%B9%8C%E0%B8%95%E0%B8%84%E0%B8%A5%E0%B8%B1%E0%B8%9A-91Swnyy2B
ศูนย์ออกกำลังกาย,พัลซ สปอร์ตคลับ,สาขา 1 แฟรี่ 56 ถนนคลองร่องเมือง ตำบลในเมือง อำเภอเมืองขอนแก่น จังหวัดขอนแก่น 40000,043-322-883,No Map,"ฟิตเนส และสระว่ายน้ำ ขอนแก่น ศูนย์ออกกำลังกาย ขอนแก่น, ศูนย์ออกกำลังกายครบวงจร ขอนแก่น, สปอร์ตคลับ ขอนแก่น, สระว่ายน้ำ ขอนแก่น, ฟิตเนส ขอนแก่น, ศูนย์ฟิตเนส ขอนแก่น, Fitness, สปอร์ตคลับ, พร้อมเจ้าหน้าที่เชี่ยวชาญด้านการออกกำลังกายดูแลอย่างใกล้ชิด",https://www.yellowpages.co.th/profile/%E0%B8%9E%E0%B8%B1%E0%B8%A5%E0%B8%8B-%E0%B8%AA%E0%B8%9B%E0%B8%AD%E0%B8%A3%E0%B9%8C%E0%B8%95%E0%B8%84%E0%B8%A5%E0%B8%B1%E0%B8%9A-91Swnyy2A
ศูนย์ออกกำลังกาย,แท่น อี ที คลายเส้น,420/274 หมู่ 5  ตำบลเทพารักษ์ อำเภอเมืองสมุทรปราการ จังหวัดสมุทรปราการ 10270,081-445-9859,No Map,No Description,https://www.yellowpages.co.th/profile/%E0%B9%81%E0%B8%97%E0%B9%88%E0%B8%99-%E0%B8%AD%E0%B8%B5-%E0%B8%97%E0%B8%B5-%E0%B8%84%E0%B8%A5%E0%B8%B2%E0%B8%A2%E0%B9%80%E0%B8%AA%E0%B9%89%E0%B8%99-dUHTBFGsR
ศูนย์ออกกำลังกาย,สปอร์ด ไพศาล 2006,73/2 ถนนเทศบาล 1 ตำบลในเมือง อำเภอเมืองกำแพงเพชร จังหวัดกำแพงเพชร 62000,055-722-626-7,"https://maps.google.com/maps/place?q=16.46596,99.53476","""สปอร์ดไพศาล"" ฟิตเนสคลับและจำหน่ายอุปกรณ์กีฬา และชุดกีฬา เพื่อลูกค้ามาโดยตลอด สปอร์ดไพศาลมีอุดมการณ์ที่ต้องการให้ทุกคน มีสุขภาพที่ดี และพบกับบรรยากาศการออกกำลังกายท่ามกลางธรรมชาติ และล้อมไปด้วยเพื่อนๆ ที่รักสุขภาพ ห้องออกกำลังกายด้วยอุปกรณ์ที่ทันสมัย ห้องเปลี่ยนเครื่องแต่งกายและอาบน้ำ การจัดโปรแกรมการออกกำลังกาย",https://www.yellowpages.co.th/profile/%E0%B8%AA%E0%B8%9B%E0%B8%AD%E0%B8%A3%E0%B9%8C%E0%B8%94-%E0%B9%84%E0%B8%9E%E0%B8%A8%E0%B8%B2%E0%B8%A5-2006-92OoTYMA0
ศูนย์ออกกำลังกาย,KN Complex,164-165 ตำบลบางคูเวียง อำเภอบางกรวย จังหวัดนนทบุรี 11130,02-408-8283,"https://maps.google.com/maps/place?q=13.811666761364,100.41439367121",No Description,https://www.yellowpages.co.th/profile/KN-Complex-nbsp-dUXGQnI9z
ศูนย์ออกกำลังกาย,CUBIC,973 อาคารเพรชสิเด้นท์ ทาวเวอร์ ชั้น G ถนน เพลินจิต แขวงลุมพินี เขตปทุมวัน กรุงเทพมหานคร 10330,091-724-1972,"https://maps.google.com/maps/place?q=13.746729247548,100.54113098884",บริการเทรนเนอร์ฟิตเนสแบบส่วนตัว,https://www.yellowpages.co.th/profile/CUBIC-dUXGFPA7T
ศูนย์ออกกำลังกาย,AKE GYM ฟิตเนส รังสิต,512/699-700 หมู่ 2 หมู่บ้านรัตนโกสินทร์ 200 ปี ซอยรังสิตปทุมธานีแยก14 ถนนรังสิต-ปทุมธานี ตำบลประชาธิปัตย์ อำเภอธัญบุรี จังหวัดปทุมธานี 12130,081-931-5599,"https://maps.google.com/maps/place?q=13.989321654143,100.60372974233",ศูนย์ออกกำลังกาย / ฟิตเนส / การดูแลสุขภาพ / คอร์สเทรนเนอร์แบบ 1-1,https://www.yellowpages.co.th/profile/AKE-GYM-%E0%B8%9F%E0%B8%B4%E0%B8%95%E0%B9%80%E0%B8%99%E0%B8%AA-%E0%B8%A3%E0%B8%B1%E0%B8%87%E0%B8%AA%E0%B8%B4%E0%B8%95-nbsp-dUXGWYxFC
ศูนย์ออกกำลังกาย,AriFit,8 ซอย อารีย์ 3 แขวงพญาไท เขตพญาไท กรุงเทพมหานคร 10400,081-751-1104,"https://maps.google.com/maps/place?q=13.781228732138,100.5423271187","Personal Training, Functional Fitness, and Nutrition Consult. Since 2014.",https://www.yellowpages.co.th/profile/AriFit-nbsp-dUXHnlRJO
ศูนย์ออกกำลังกาย,ดีฟิตเนส เชียงใหม่,288/1-3 สตาร์อเวนิว3 ถนนมหิดล ตำบลช้างคลาน อำเภอเมืองเชียงใหม่ จังหวัดเชียงใหม่ 50100,093-942-6359,"https://maps.google.com/maps/place?q=18.761644289874,99.002215113875",หุ่นดีสร้างได้ที่ D Fitness Chiangmai,https://www.yellowpages.co.th/profile/%E0%B8%94%E0%B8%B5%E0%B8%9F%E0%B8%B4%E0%B8%95%E0%B9%80%E0%B8%99%E0%B8%AA-%E0%B9%80%E0%B8%8A%E0%B8%B5%E0%B8%A2%E0%B8%87%E0%B9%83%E0%B8%AB%E0%B8%A1%E0%B9%88-dUXH7wFHi
ศูนย์ออกกำลังกาย,ASIA Fitness Thailand,136/32 หมู่ที่ 2 ตำบลบ้านกลาง อำเภอเมืองปทุมธานี จังหวัดปทุมธานี 12000,02-020-8286,"https://maps.google.com/maps/place?q=14.003831727733,100.56037686853",No Description,https://www.yellowpages.co.th/profile/ASIA-Fitness-Thailand-nbsp-dUXGYijaP
ศูนย์ออกกำลังกาย,Powerzonegym,163 ซอยแม่เนี้ยว แยก 3 แขวงรัชดาภิเษก เขตดินแดง กรุงเทพมหานคร 10400,063-218-3944,"https://maps.google.com/maps/place?q=13.774001581269,100.55720355711",สถานที่ ฝึกซ้อม นักกีฬาเพาะกาย ออกกำลังกาย,https://www.yellowpages.co.th/profile/Powerzonegym-dUXHaacHI
ศูนย์ออกกำลังกาย,LIVE Fitness,52/3-4 ถนนมังกร แขวงป้อมปราบ เขตป้อมปราบศัตรูพ่าย กรุงเทพมหานคร 10100,064-950-593,"https://maps.google.com/maps/place?q=13.744343013141,100.5146561105",ฟิตเนส เยาวราช-วงเวียน22,https://www.yellowpages.co.th/profile/LIVE-Fitness-dUXHbtYcV
ศูนย์ออกกำลังกาย,The Best Gym,กระทรวงสาธารณสุขนนทบุรี ตำบลบางเขน อำเภอเมืองนนทบุรี จังหวัดนนทบุรี 11000,063-826-4564,"https://maps.google.com/maps/place?q=13.84970539766,100.53226492884",ฟิตเนสราคาประหยัด เครื่องออกกำลังกายคุณภาพสูง มีเทรนเนอร์แนะนำและสอนเบื้องต้นฟรี,https://www.yellowpages.co.th/profile/The-Best-Gym-dUXGMqpDW
ศูนย์ออกกำลังกาย,SafeHouse GYM,99/42 ถนนถ. บางกรวย - ไทรน้อย ตำบลต.บางสีทอง อำเภอบางกรวย จังหวัดนนทบุรี 11130,065-626-6396,"https://maps.google.com/maps/place?q=13.820811524436,100.47993231583",ฟิตเนสที่มีราคาให้เลือกตาม Lifestyle ของคุณเอง ไม่มีสัญญาผูกมัด ไม่มีค่าแรกเข้า,https://www.yellowpages.co.th/profile/SafeHouse-GYM-dUXGL6E8J
ศูนย์ออกกำลังกาย,No Name,Unknown,No Phone,No Map,No Description,https://www.yellowpages.co.th/profile/%E0%B8%9A%E0%B8%B2%E0%B8%87%E0%B9%83%E0%B8%AB%E0%B8%8D%E0%B9%88-%E0%B8%9F%E0%B8%B4%E0%B8%95%E0%B9%80%E0%B8%99%E0%B8%AA-dUXGRHtEM
ศูนย์ออกกำลังกาย,No Name,Unknown,No Phone,No Map,No Description,https://www.yellowpages.co.th/profile/44-FOCUS-GYM-nbsp-dUXHkIkJo
ศูนย์ออกกำลังกาย,No Name,Unknown,No Phone,No Map,No Description,https://www.yellowpages.co.th/profile/MOM-GYM-dUXH4T8GS
สถานที่เล่นโบว์ลิ่ง,บูลโอ ริธึ่ม แอนด์ โบวล์,1839 ถนนพหลโยธิน แขวงลาดยาว เขตจตุจักร กรุงเทพมหานคร 10900,02-511-5551,No Map,No Description,https://www.yellowpages.co.th/profile/%E0%B8%9A%E0%B8%B9%E0%B8%A5%E0%B9%82%E0%B8%AD-%E0%B8%A3%E0%B8%B4%E0%B8%98%E0%B8%B6%E0%B9%88%E0%B8%A1-%E0%B9%81%E0%B8%AD%E0%B8%99%E0%B8%94%E0%B9%8C-%E0%B9%82%E0%B8%9A%E0%B8%A7%E0%B8%A5%E0%B9%8C-93cbkrseQ
สถานที่เล่นโบว์ลิ่ง,บริษัท เมเจอร์ โบว์ล กรุ๊ป จำกัด,554 ถนนบรมราชชนนี แขวงบางบำหรุ เขตบางพลัด กรุงเทพมหานคร 10700,02-433-3705,No Map,สถานที่เช่าเล่นโบว์ลลิ่ง,https://www.yellowpages.co.th/profile/%E0%B8%9A%E0%B8%A3%E0%B8%B4%E0%B8%A9%E0%B8%B1%E0%B8%97-%E0%B9%80%E0%B8%A1%E0%B9%80%E0%B8%88%E0%B8%AD%E0%B8%A3%E0%B9%8C-%E0%B9%82%E0%B8%9A%E0%B8%A7%E0%B9%8C%E0%B8%A5-%E0%B8%81%E0%B8%A3%E0%B8%B8%E0%B9%8A%E0%B8%9B-%E0%B8%88%E0%B8%B3%E0%B8%81%E0%B8%B1%E0%B8%94-91zjeJGTW
สถานที่เล่นโบว์ลิ่ง,No Name,Unknown,No Phone,No Map,No Description,https://www.yellowpages.co.th/profile/%E0%B8%9A%E0%B8%A3%E0%B8%B4%E0%B8%A9%E0%B8%B1%E0%B8%97-%E0%B9%80%E0%B8%A1%E0%B9%80%E0%B8%88%E0%B8%AD%E0%B8%A3%E0%B9%8C-%E0%B9%82%E0%B8%9A%E0%B8%A7%E0%B9%8C%E0%B8%A5-%E0%B8%81%E0%B8%A3%E0%B8%B8%E0%B9%8A%E0%B8%9B-%E0%B8%88%E0%B8%B3%E0%B8%81%E0%B8%B1%E0%B8%94-91zjeJGTU
สถานที่เล่นโบว์ลิ่ง,No Name,Unknown,No Phone,No Map,No Description,https://www.yellowpages.co.th/profile/%E0%B8%9A%E0%B8%A5%E0%B8%B9%E0%B9%82%E0%B8%AD%E0%B9%89-%E0%B8%A3%E0%B8%B4%E0%B8%97%E0%B8%B6%E0%B8%A1-%E0%B8%84%E0%B8%B2%E0%B8%A3%E0%B8%B2%E0%B9%82%E0%B8%AD%E0%B9%80%E0%B8%81%E0%B8%B0-%E0%B9%81%E0%B8%AD%E0%B8%99%E0%B8%94%E0%B9%8C-%E0%B9%82%E0%B8%9A%E0%B8%A7%E0%B9%8C%E0%B8%A5-93lQSp6yO
สถานที่เล่นโบว์ลิ่ง,No Name,Unknown,No Phone,No Map,No Description,https://www.yellowpages.co.th/profile/%E0%B8%9A%E0%B8%A3%E0%B8%B4%E0%B8%A9%E0%B8%B1%E0%B8%97-%E0%B9%80%E0%B8%A1%E0%B9%80%E0%B8%88%E0%B8%AD%E0%B8%A3%E0%B9%8C-%E0%B9%82%E0%B8%9A%E0%B8%A7%E0%B9%8C%E0%B8%A5-%E0%B8%81%E0%B8%A3%E0%B8%B8%E0%B9%8A%E0%B8%9B-%E0%B8%88%E0%B8%B3%E0%B8%81%E0%B8%B1%E0%B8%94-91zjeJGTX
สถานที่เล่นโบว์ลิ่ง,No Name,Unknown,No Phone,No Map,No Description,https://www.yellowpages.co.th/profile/%E0%B8%9A%E0%B8%A3%E0%B8%B4%E0%B8%A9%E0%B8%B1%E0%B8%97-%E0%B9%80%E0%B8%A1%E0%B9%80%E0%B8%88%E0%B8%AD%E0%B8%A3%E0%B9%8C-%E0%B9%82%E0%B8%9A%E0%B8%A7%E0%B9%8C%E0%B8%A5-%E0%B8%81%E0%B8%A3%E0%B8%B8%E0%B9%8A%E0%B8%9B-%E0%B8%88%E0%B8%B3%E0%B8%81%E0%B8%B1%E0%B8%94-91zjeJGTY
สถานที่เล่นโบว์ลิ่ง,No Name,Unknown,No Phone,No Map,No Description,https://www.yellowpages.co.th/profile/%E0%B8%9A%E0%B8%A3%E0%B8%B4%E0%B8%A9%E0%B8%B1%E0%B8%97-%E0%B9%80%E0%B8%A1%E0%B9%80%E0%B8%88%E0%B8%AD%E0%B8%A3%E0%B9%8C-%E0%B9%82%E0%B8%9A%E0%B8%A7%E0%B9%8C%E0%B8%A5-%E0%B8%81%E0%B8%A3%E0%B8%B8%E0%B9%8A%E0%B8%9B-%E0%B8%88%E0%B8%B3%E0%B8%81%E0%B8%B1%E0%B8%94-91zjeJGTZ
สถานที่เล่นโบว์ลิ่ง,No Name,Unknown,No Phone,No Map,No Description,https://www.yellowpages.co.th/profile/%E0%B9%80%E0%B8%AD%E0%B8%AA%E0%B9%80%E0%B8%AD%E0%B8%9F-%E0%B8%AA%E0%B9%84%E0%B8%95%E0%B8%A3%E0%B8%84%E0%B9%8C-%E0%B9%82%E0%B8%9A%E0%B8%A7%E0%B9%8C%E0%B8%A5-91OeO5DyB
สถานที่เล่นโบว์ลิ่ง,No Name,Unknown,No Phone,No Map,No Description,https://www.yellowpages.co.th/profile/%E0%B8%9A%E0%B8%A3%E0%B8%B4%E0%B8%A9%E0%B8%B1%E0%B8%97-%E0%B8%A1%E0%B8%B4%E0%B8%95%E0%B8%95%E0%B9%8C%E0%B8%AA%E0%B8%95%E0%B8%B2%E0%B8%A3%E0%B9%8C-%E0%B8%88%E0%B8%B3%E0%B8%81%E0%B8%B1%E0%B8%94-3x6XQkivJ
สถานที่เล่นโบว์ลิ่ง,No Name,Unknown,No Phone,No Map,No Description,https://www.yellowpages.co.th/profile/%E0%B8%9A%E0%B8%A3%E0%B8%B4%E0%B8%A9%E0%B8%B1%E0%B8%97-%E0%B9%80%E0%B8%A1%E0%B9%80%E0%B8%88%E0%B8%AD%E0%B8%A3%E0%B9%8C-%E0%B9%82%E0%B8%9A%E0%B8%A7%E0%B9%8C%E0%B8%A5-%E0%B8%81%E0%B8%A3%E0%B8%B8%E0%B9%8A%E0%B8%9B-%E0%B8%88%E0%B8%B3%E0%B8%81%E0%B8%B1%E0%B8%94-91zjeJGTV
สนามเทนนิส,ซัน เทนนิส คอร์ท,ถนนสุขุมวิท 40 แขวงพระโขนง เขตคลองเตย กรุงเทพมหานคร 10110,081-875-9285,"https://maps.google.com/maps/place?q=13.72092,100.58043","สอนเทนนิส, ให้เช่าสนามเทนนิส, ครูฝึกเทนนิส",https://www.yellowpages.co.th/profile/%E0%B8%8B%E0%B8%B1%E0%B8%99-%E0%B9%80%E0%B8%97%E0%B8%99%E0%B8%99%E0%B8%B4%E0%B8%AA-%E0%B8%84%E0%B8%AD%E0%B8%A3%E0%B9%8C%E0%B8%97-92JGC4mrv
สนามเทนนิส,บางนา สนามเทนนิส-สระว่ายน้ำ,57/455 ซอยวิทยาลัยพาณิชยการบางนา ถนนบางนา-ตราด แขวงบางนา เขตบางนา กรุงเทพมหานคร 10260,02-393-8276-7,No Map,No Description,https://www.yellowpages.co.th/profile/%E0%B8%9A%E0%B8%B2%E0%B8%87%E0%B8%99%E0%B8%B2-%E0%B8%AA%E0%B8%99%E0%B8%B2%E0%B8%A1%E0%B9%80%E0%B8%97%E0%B8%99%E0%B8%99%E0%B8%B4%E0%B8%AA-%E0%B8%AA%E0%B8%A3%E0%B8%B0%E0%B8%A7%E0%B9%88%E0%B8%B2%E0%B8%A2%E0%B8%99%E0%B9%89%E0%B8%B3-p7hVOhhA
สนามเทนนิส,ห้างหุ้นส่วนจำกัด ธนวัฒน์สปอร์ตคลับ,16/79 ซอย 6 ถนนพระราม 2 แขวงจอมทอง เขตจอมทอง กรุงเทพมหานคร 10150,02-468-1316,No Map,No Description,https://www.yellowpages.co.th/profile/%E0%B8%AB%E0%B9%89%E0%B8%B2%E0%B8%87%E0%B8%AB%E0%B8%B8%E0%B9%89%E0%B8%99%E0%B8%AA%E0%B9%88%E0%B8%A7%E0%B8%99%E0%B8%88%E0%B8%B3%E0%B8%81%E0%B8%B1%E0%B8%94-%E0%B8%98%E0%B8%99%E0%B8%A7%E0%B8%B1%E0%B8%92%E0%B8%99%E0%B9%8C%E0%B8%AA%E0%B8%9B%E0%B8%AD%E0%B8%A3%E0%B9%8C%E0%B8%95%E0%B8%84%E0%B8%A5%E0%B8%B1%E0%B8%9A-8VsEDRWX8
สนามเทนนิส,No Name,Unknown,No Phone,No Map,No Description,https://www.yellowpages.co.th/profile/%E0%B8%81%E0%B8%A3%E0%B8%B0%E0%B9%81%E0%B8%AA%E0%B8%A3%E0%B9%8C-%E0%B9%80%E0%B8%97%E0%B8%99%E0%B8%99%E0%B8%B4%E0%B8%AA-%E0%B9%81%E0%B8%84%E0%B8%A1%E0%B8%9B%E0%B9%8C-931g3wZ9y
สนามเทนนิส,No Name,Unknown,No Phone,No Map,No Description,https://www.yellowpages.co.th/profile/%E0%B9%80%E0%B8%AD%E0%B8%AA-%E0%B8%84%E0%B8%AD%E0%B8%A3%E0%B9%8C%E0%B8%94-93f0mUca7
สนามเทนนิส,No Name,Unknown,No Phone,No Map,No Description,https://www.yellowpages.co.th/profile/%E0%B8%AB%E0%B9%89%E0%B8%B2%E0%B8%87%E0%B8%AB%E0%B8%B8%E0%B9%89%E0%B8%99%E0%B8%AA%E0%B9%88%E0%B8%A7%E0%B8%99%E0%B8%88%E0%B8%B3%E0%B8%81%E0%B8%B1%E0%B8%94-%E0%B8%99%E0%B8%B2%E0%B8%82%E0%B8%A7%E0%B8%B1%E0%B8%8D-8RFBz29tP
สนามเทนนิส,No Name,Unknown,No Phone,No Map,No Description,https://www.yellowpages.co.th/profile/%E0%B8%AA%E0%B8%B1%E0%B8%99%E0%B8%95%E0%B8%B4%E0%B8%AA%E0%B8%B8%E0%B8%82-%E0%B8%AA%E0%B8%99%E0%B8%B2%E0%B8%A1%E0%B9%80%E0%B8%97%E0%B8%99%E0%B8%99%E0%B8%B4%E0%B8%AA-93gJ5n8D4
สนามเทนนิส,No Name,Unknown,No Phone,No Map,No Description,https://www.yellowpages.co.th/profile/%E0%B8%9A%E0%B8%A3%E0%B8%B4%E0%B8%A9%E0%B8%B1%E0%B8%97-%E0%B8%93-%E0%B8%A1%E0%B8%B8%E0%B8%81%E0%B8%94%E0%B8%B2-%E0%B8%88%E0%B8%B3%E0%B8%81%E0%B8%B1%E0%B8%94-8WOOW9p6P
สนามเทนนิส,No Name,Unknown,No Phone,No Map,No Description,https://www.yellowpages.co.th/profile/%E0%B8%9A%E0%B8%A3%E0%B8%B4%E0%B8%A9%E0%B8%B1%E0%B8%97-%E0%B8%81%E0%B8%B1%E0%B8%99%E0%B8%AD%E0%B8%A3%E0%B8%B4-%E0%B8%88%E0%B8%B3%E0%B8%81%E0%B8%B1%E0%B8%94-147FOORwU
สนามเทนนิส,No Name,Unknown,No Phone,No Map,No Description,https://www.yellowpages.co.th/profile/%E0%B8%9A%E0%B8%A3%E0%B8%B4%E0%B8%A9%E0%B8%B1%E0%B8%97-%E0%B9%81%E0%B8%AD%E0%B9%87%E0%B8%84%E0%B8%8A%E0%B8%B1%E0%B9%88%E0%B8%99-%E0%B8%AA%E0%B8%9B%E0%B8%AD%E0%B8%A3%E0%B9%8C%E0%B8%95-%E0%B8%84%E0%B8%AD%E0%B8%99%E0%B8%AA%E0%B8%95%E0%B8%A3%E0%B8%B1%E0%B8%84%E0%B8%8A%E0%B8%B1%E0%B9%88%E0%B8%99-%E0%B9%80%E0%B8%88-%E0%B8%AD%E0%B8%B5-%E0%B8%8B%E0%B8%B5-%E0%B8%88%E0%B8%B3%E0%B8%81%E0%B8%B1%E0%B8%94-4gXSEKOgf
กระบี่,โรงงาน กระบี่ อา วี แอนด์ ซันส์,20/39 หมู่ 4 ถนนเอกชัย ตำบลคอกกระบือ อำเภอเมืองสมุทรสาคร จังหวัดสมุทรสาคร 74000,034-494-078,No Map,จำหน่าย กระบี่ เครื่องประดับยศ,https://www.yellowpages.co.th/profile/%E0%B9%82%E0%B8%A3%E0%B8%87%E0%B8%87%E0%B8%B2%E0%B8%99-%E0%B8%81%E0%B8%A3%E0%B8%B0%E0%B8%9A%E0%B8%B5%E0%B9%88-%E0%B8%AD%E0%B8%B2-%E0%B8%A7%E0%B8%B5-%E0%B9%81%E0%B8%AD%E0%B8%99%E0%B8%94%E0%B9%8C-%E0%B8%8B%E0%B8%B1%E0%B8%99%E0%B8%AA%E0%B9%8C-92q68obmV
กระบี่,โรงงาน กระบี่ อา วี แอนด์ ซันส์,20/39 หมู่ 4 ถนนเอกชัย ตำบลคอกกระบือ อำเภอเมืองสมุทรสาคร จังหวัดสมุทรสาคร 74000,034-494-078,No Map,จำหน่าย กระบี่ เครื่องประดับยศ,https://www.yellowpages.co.th/profile/%E0%B9%82%E0%B8%A3%E0%B8%87%E0%B8%87%E0%B8%B2%E0%B8%99-%E0%B8%81%E0%B8%A3%E0%B8%B0%E0%B8%9A%E0%B8%B5%E0%B9%88-%E0%B8%AD%E0%B8%B2-%E0%B8%A7%E0%B8%B5-%E0%B9%81%E0%B8%AD%E0%B8%99%E0%B8%94%E0%B9%8C-%E0%B8%8B%E0%B8%B1%E0%B8%99%E0%B8%AA%E0%B9%8C-92q67FGJt
กระบี่,โรงงาน อาร์ วี แอนด์ ซัน,20/39 หมู่ 4 ถนนเอกชัย ตำบลคอกกระบือ อำเภอเมืองสมุทรสาคร จังหวัดสมุทรสาคร 74000,081-817-0244,No Map,No Description,https://www.yellowpages.co.th/profile/%E0%B9%82%E0%B8%A3%E0%B8%87%E0%B8%87%E0%B8%B2%E0%B8%99-%E0%B8%AD%E0%B8%B2%E0%B8%A3%E0%B9%8C-%E0%B8%A7%E0%B8%B5-%E0%B9%81%E0%B8%AD%E0%B8%99%E0%B8%94%E0%B9%8C-%E0%B8%8B%E0%B8%B1%E0%B8%99-92q9Mvtjx
ขายปลีกชุดกีฬา,ร้าน ปรีชาพานิช (พีซีสปอร์ต),249 หมู่ 13 ตำบลบัวขาว อำเภอกุฉินารายณ์ จังหวัดกาฬสินธุ์ 46110,043-851-227,"https://maps.google.com/maps/place?q=16.53672,104.04778",ร้านขายเครื่องกีฬา กาฬสินธุ์ ร้อยเอ็ด จำหน่ายเครื่องกีฬา อุปกรณ์กีฬา เครื่องออกกำลังกาย อุปกรณ์สนามเด็กเล่น กาฬสินธุ์ จำหน่าย เครื่องกีฬา ลูกฟุตบอล ลูกวอลเลย์บอล ลูกบาสเกตบอล ลูกรักบี้ ลูกตะกร้อ ไม้แบดมินตัน ไม้คิวสนุกเกอร์ ไม้ปิงปอง ลูกขนไก่ ลูกปิงปอง ลูกเปตอง เน็ตวอลเลย์บอล เน็ตตะกร้อ เน็ตแบตมินตัน เน็ตเทนนิส ห่วงบาสเกตบอล ตาข่ายประตูฟุตบอล...,https://www.yellowpages.co.th/profile/%E0%B8%A3%E0%B9%89%E0%B8%B2%E0%B8%99-%E0%B8%9B%E0%B8%A3%E0%B8%B5%E0%B8%8A%E0%B8%B2%E0%B8%9E%E0%B8%B2%E0%B8%99%E0%B8%B4%E0%B8%8A-%E0%B8%9E%E0%B8%B5%E0%B8%8B%E0%B8%B5%E0%B8%AA%E0%B8%9B%E0%B8%AD%E0%B8%A3%E0%B9%8C%E0%B8%95-92GcofPK8
ขายปลีกชุดกีฬา,พรีเมียร์ สปอร์ต (ศรีราชา),181/9 หมู่ 2 ตำบลสุรศักดิ์ อำเภอศรีราชา จังหวัดชลบุรี 20110,081-862-3255,"https://maps.google.com/maps/place?q=13.163185,100.938135",ขายส่ง ขายปลีก เสื้อกีฬา ชุดกีฬา เสื้อผ้าชุดกีฬาประเภทต่างๆ เสื้อกีฬาคอกลมแขนสั้น แขนยาว สปอร์ตบรา เสื้อยืดออกกำลังกาย ใส่ได้ทั้งเด็กและผู้ใหญ่ มีสินค้านับหลายร้อยรายการ เลือกได้จุใจตามชอบตามสไตล์ เนื้อผ้าชนิดต่างๆ แบบและลายไม่ซ้ำกัน ใส่เล่นกีฬา ใส่ลำลอง ใส่เที่ยวสบาย มีสินค้ารุ่นใหม่เข้ามาตลอดทั้งปีเสื้อทีมสโมสรฟุตบอล ทีมฟุตซอล,https://www.yellowpages.co.th/profile/%E0%B8%9E%E0%B8%A3%E0%B8%B5%E0%B9%80%E0%B8%A1%E0%B8%B5%E0%B8%A2%E0%B8%A3%E0%B9%8C-%E0%B8%AA%E0%B8%9B%E0%B8%AD%E0%B8%A3%E0%B9%8C%E0%B8%95-%E0%B8%A8%E0%B8%A3%E0%B8%B5%E0%B8%A3%E0%B8%B2%E0%B8%8A%E0%B8%B2-92INj30Pl
ขายปลีกชุดกีฬา,ร้าน สปอร์ตเซ็นเตอร์,220/1-3 ถนนชยางกูร ตำบลบุ่ง อำเภอเมืองอำนาจเจริญ จังหวัดอำนาจเจริญ 37000,045-512-272,"https://maps.google.com/maps/place?q=15.8567694,104.6300111",จำหน่ายอุปกรณ์กีฬา ชุดกีฬา อำนาจเจริญ รองเท้ากีฬา เสื้อกีฬา อุปกรณ์กีฬา โล่รางวัล ถ้วยรางวัล เหรียญรางวัล เหรียญกีฬา อุปกรณ์กีฬา อำนาจเจริญ อุปกรณ์การเรียน อำนาจเจริญ,https://www.yellowpages.co.th/profile/%E0%B8%A3%E0%B9%89%E0%B8%B2%E0%B8%99-%E0%B8%AA%E0%B8%9B%E0%B8%AD%E0%B8%A3%E0%B9%8C%E0%B8%95%E0%B9%80%E0%B8%8B%E0%B9%87%E0%B8%99%E0%B9%80%E0%B8%95%E0%B8%AD%E0%B8%A3%E0%B9%8C-92jSx9sIW
ขายปลีกชุดกีฬา,โกดังกีฬา,77 ถนนภักดีชุมพล ตำบลในเมือง อำเภอเมืองสุรินทร์ จังหวัดสุรินทร์ 32000,088-568-1909,"https://maps.google.com/maps/place?q=14.87706135703,103.48904773593","จำหน่ายเสื้อผ้ากีฬา, เสื้อวอร์ม, กางเกงวอร์ม, ชุดวอร์ม, เสื้อโปโลทุกยี่ห้อ, รับทำเสื้อทีม, เสื้อพนักงาน, เสื้อรุ่น/ ปัก สกรีน  บริการส่งทั่วประเทศ",https://www.yellowpages.co.th/profile/%E0%B9%82%E0%B8%81%E0%B8%94%E0%B8%B1%E0%B8%87%E0%B8%81%E0%B8%B5%E0%B8%AC%E0%B8%B2-93JHOrRt6
ขายปลีกชุดกีฬา,ร้าน พระราม 4 มวยไทย,1961 ถนนพระราม 4 แขวงลุมพินี เขตปทุมวัน กรุงเทพมหานคร 10330,091-218-8435,"https://maps.google.com/maps/place?q=13.723896414602,100.5505335331","ผู้รับผลิตและจำหน่ายกางเกงมวยไทย, อุปกรณ์มวยไทย,  มงคล,  ประเจียต,  ผ้าพันมือ และสินค้าที่เกี่ยวกับมวยไทย",https://www.yellowpages.co.th/profile/%E0%B8%A3%E0%B9%89%E0%B8%B2%E0%B8%99-%E0%B8%9E%E0%B8%A3%E0%B8%B0%E0%B8%A3%E0%B8%B2%E0%B8%A1-4-%E0%B8%A1%E0%B8%A7%E0%B8%A2%E0%B9%84%E0%B8%97%E0%B8%A2-93OYPPasG
ขายปลีกชุดกีฬา,ร้าน มาร์วินทรัพย์,86/139 หมู่บ้านโมดิวิลล่า​ (โซนทาวน์​โฮม)​  ซอย8 ถนนบางนา-ตราด ตำบลบางเสาธง อำเภอบางเสาธง จังหวัดสมุทรปราการ 10570,066-629-5684,"https://maps.google.com/maps/place?q=13.74916,100.54805",จำหน่ายรองเท้าสตั๊ด รองเท้าเตะบอล มือ 1 ของแท้ ราคาถูก ขายปลีกและขายส่ง รองเท้าสตั๊ดนำเข้าสวยๆ เป็นรองเท้ามือ1 สินค้าพร้อมส่ง ร้านเรานำเข้าจากยุโรป มีอุปกรณ์รองเท้าสตั๊ดขาย รองเท้าเตะบอลนำเข้า ราคาถูกกว่าป้าย สตั๊ดของแท้ราคาถูก มีหลายยี่ห้อ adidas nike มีทั้งรองเท้าไซส์เล็ก รองเท้าไซส์ใหญ่ จัดจำหน่ายทางหน้าร้าน ทางเฟซบุ๊ค และมีบริการส่งไปรษณีย์,https://www.yellowpages.co.th/profile/%E0%B8%A3%E0%B9%89%E0%B8%B2%E0%B8%99-%E0%B8%A1%E0%B8%B2%E0%B8%A3%E0%B9%8C%E0%B8%A7%E0%B8%B4%E0%B8%99%E0%B8%97%E0%B8%A3%E0%B8%B1%E0%B8%9E%E0%B8%A2%E0%B9%8C-dUGFCCjoz
ขายปลีกชุดกีฬา,โอเค สปอร์ต สัตหีบ,33/36 หมู่ 2 ถนนบ้านนา ตำบลสัตหีบ อำเภอสัตหีบ จังหวัดชลบุรี 20180,081-566-3603,"https://maps.google.com/maps/place?q=12.667551157903,100.90350419283","จำหน่ายเสื้อผ้า,อุปกรณ์กีฬา, รองเท้ากีฬา,รับสกรีนเสื้อผ้า, จำหน่ายเสื้อยืดเปล่า,เสื้อยืดครอบครัว-คู่รัก, เสื้อแก๊ง, สกรีนถุงผ้า, กระเป๋า",https://www.yellowpages.co.th/profile/%E0%B9%82%E0%B8%AD%E0%B9%80%E0%B8%84-%E0%B8%AA%E0%B8%9B%E0%B8%AD%E0%B8%A3%E0%B9%8C%E0%B8%95-%E0%B8%AA%E0%B8%B1%E0%B8%95%E0%B8%AB%E0%B8%B5%E0%B8%9A-93JPxaZcd
ขายปลีกชุดกีฬา,เอ แอนด์ ยู สปอร์ท ช็อป,151 หมู่ 4 ถนนนครศรีฯ-จันดี ตำบลช้างกลาง อำเภอช้างกลาง จังหวัดนครศรีธรรมราช 80250,084-704-4521,"https://maps.google.com/maps/place?q=8.34665,99.60916","จำหน่ายเสื้อผ้ากีฬา, ร้องเท้า, ลูกฟุตบอล",https://www.yellowpages.co.th/profile/%E0%B9%80%E0%B8%AD-%E0%B9%81%E0%B8%AD%E0%B8%99%E0%B8%94%E0%B9%8C-%E0%B8%A2%E0%B8%B9-%E0%B8%AA%E0%B8%9B%E0%B8%AD%E0%B8%A3%E0%B9%8C%E0%B8%97-%E0%B8%8A%E0%B9%87%E0%B8%AD%E0%B8%9B-93ASjC3Vd
ขายปลีกชุดกีฬา,บริษัท เซิฟ ไดนามิค จำกัด,255 หมู่ที่ 3 ถนนสุวรรณศร ตำบลบ้านลำ อำเภอวิหารแดง จังหวัดสระบุรี 18150,02-712-9430,"https://maps.google.com/maps/place?q=14.367509595915,100.96931404418","ชุดกีฬาวินด์เซิร์ฟ,ชุดกีฬาเจ็ทสกรี,กระเป๋า",https://www.yellowpages.co.th/profile/%E0%B8%9A%E0%B8%A3%E0%B8%B4%E0%B8%A9%E0%B8%B1%E0%B8%97-%E0%B9%80%E0%B8%8B%E0%B8%B4%E0%B8%9F-%E0%B9%84%E0%B8%94%E0%B8%99%E0%B8%B2%E0%B8%A1%E0%B8%B4%E0%B8%84-%E0%B8%88%E0%B8%B3%E0%B8%81%E0%B8%B1%E0%B8%94-dUYBoPqEM
ขายปลีกชุดกีฬา,ร้าน ฟุตซอล ช็อป,97 ซอย 24/2 ถนนรามคำแหง แขวงหัวหมาก เขตบางกะปิ กรุงเทพมหานคร 10240,081-734-5847,"https://maps.google.com/maps/place?q=13.7581,100.62928",จำหน่ายอุปกรณ์กีฬา ชุดกีฬา อุปกรณ์ตกแต่งชุดกีฬา ธงแรก ธงเชียร์ ผลิตสินค้าที่เกี่ยวกับกีฬาทุกชนิด รับงานปริ๊นบนเสื้อ โลโก้และอื่นๆ,https://www.yellowpages.co.th/profile/%E0%B8%A3%E0%B9%89%E0%B8%B2%E0%B8%99-%E0%B8%9F%E0%B8%B8%E0%B8%95%E0%B8%8B%E0%B8%AD%E0%B8%A5-%E0%B8%8A%E0%B9%87%E0%B8%AD%E0%B8%9B-93vxXbsTI
ขายปลีกชุดกีฬา,ร้าน ทีบีสปอร์ต,29/8 หมู่ 3 ตำบลสองแพรก อำเภอชัยบุรี จังหวัดสุราษฎร์ธานี 84350,089-288-9730,"https://maps.google.com/maps/place?q=8.47228,99.08205",จำหน่ายเสื้อและกางเกงกีฬา,https://www.yellowpages.co.th/profile/%E0%B8%A3%E0%B9%89%E0%B8%B2%E0%B8%99-%E0%B8%97%E0%B8%B5%E0%B8%9A%E0%B8%B5%E0%B8%AA%E0%B8%9B%E0%B8%AD%E0%B8%A3%E0%B9%8C%E0%B8%95-93CfHjwuR
ขายปลีกชุดกีฬา,แสงทองร้อยเอ็ด,3/19 ถนนกองพล 10 ตำบลในเมือง อำเภอเมืองร้อยเอ็ด จังหวัดร้อยเอ็ด 45000,043-524-685,"https://maps.google.com/maps/place?q=16.05380556,103.6416028","จำหน่ายชุดกีฬา,เสื้อสโมสรต่างๆ และรับสกรีนเสื้อ",https://www.yellowpages.co.th/profile/%E0%B9%81%E0%B8%AA%E0%B8%87%E0%B8%97%E0%B8%AD%E0%B8%87%E0%B8%A3%E0%B9%89%E0%B8%AD%E0%B8%A2%E0%B9%80%E0%B8%AD%E0%B9%87%E0%B8%94-93147ySVV
ขายปลีกชุดกีฬา,เอสซัง สปอร์ตแอทสกรีน,452 หมู่ 5 ถนนทองหลาง ตำบลคลองตำหรุ อำเภอเมืองชลบุรี จังหวัดชลบุรี 20000,086-108-3490,No Map,"รับสกรีนเสื้อทีมชุดกีฬา, สโมสรทีมชาติ, ของพรีเมี่ยม, หมวก, ผ้าพันคอ, โลโก้เกี่ยวกับกีฬา ผลิตและจำหน่าย ในราคาโรงงาน คุณภาพมาตรฐาน เสื้อกีฬา, เสื้อกีฬาสี, สกรีนเสื้อ, เสื้อทีมฟุตบอล, ชุดกีฬาสี, ชุดออกกำลังกาย, รองเท้ากีฬา, ถุงเท้ากีฬา, เสื้อยืดคอกลม คอวี และเสื้อโปโล",https://www.yellowpages.co.th/profile/%E0%B9%80%E0%B8%AD%E0%B8%AA%E0%B8%8B%E0%B8%B1%E0%B8%87-%E0%B8%AA%E0%B8%9B%E0%B8%AD%E0%B8%A3%E0%B9%8C%E0%B8%95%E0%B9%81%E0%B8%AD%E0%B8%97%E0%B8%AA%E0%B8%81%E0%B8%A3%E0%B8%B5%E0%B8%99-93w18AFxo
ขายปลีกชุดกีฬา,บริษัท จอก สปอร์ทส จำกัด,700 ถนนวชิรธรรมสาธิต แขวงบางจาก เขตพระโขนง กรุงเทพมหานคร 10260,02-743-9366,No Map,เสื้อผ้ากีฬา,https://www.yellowpages.co.th/profile/%E0%B8%9A%E0%B8%A3%E0%B8%B4%E0%B8%A9%E0%B8%B1%E0%B8%97-%E0%B8%88%E0%B8%AD%E0%B8%81-%E0%B8%AA%E0%B8%9B%E0%B8%AD%E0%B8%A3%E0%B9%8C%E0%B8%97%E0%B8%AA-%E0%B8%88%E0%B8%B3%E0%B8%81%E0%B8%B1%E0%B8%94-92qgOzsJe
ขายปลีกชุดกีฬา,หลิน การค้า,70/28 ถนนอุตรกิจ ตำบลเวียง อำเภอเมืองเชียงราย จังหวัดเชียงราย 57000,053-719-750,No Map,"จำหน่ายชุดกีฬาทุกชนิด ทั้งปลีกและส่ง รับตัดเย็บเสื้อทุกแบบ, รับทำหมวกทุกชนิด, รับทำสื่อสิ่งพิมพ์และสื่อโฆษณาทุกชนิด เช่น ป้ายไวนิล, หนังสือ, วารสาร, แผ่นพับ, ใบปลิว, โปสเตอร์, ปฏิทิน, ฉลากสินค้า, รับผลิตสินค้าพรีเมี่ยม, ของที่ระลึก, ของชำร่วย, พัดพลาสติก",https://www.yellowpages.co.th/profile/%E0%B8%AB%E0%B8%A5%E0%B8%B4%E0%B8%99-%E0%B8%81%E0%B8%B2%E0%B8%A3%E0%B8%84%E0%B9%89%E0%B8%B2-93V9EraPf
ขายปลีกชุดกีฬา,บริษัท อีโก้สปอร์ตอินเตอร์เนชั่นแนล จำกัด,"1392,1394,1396 หมู่ 8 ซอยหนองใหญ่ ถนนกาญจนาภิเษก แขวงบางแค เขตบางแค กรุงเทพมหานคร 10160",02-455-9751-3,No Map,No Description,https://www.yellowpages.co.th/profile/%E0%B8%9A%E0%B8%A3%E0%B8%B4%E0%B8%A9%E0%B8%B1%E0%B8%97-%E0%B8%AD%E0%B8%B5%E0%B9%82%E0%B8%81%E0%B9%89%E0%B8%AA%E0%B8%9B%E0%B8%AD%E0%B8%A3%E0%B9%8C%E0%B8%95%E0%B8%AD%E0%B8%B4%E0%B8%99%E0%B9%80%E0%B8%95%E0%B8%AD%E0%B8%A3%E0%B9%8C%E0%B9%80%E0%B8%99%E0%B8%8A%E0%B8%B1%E0%B9%88%E0%B8%99%E0%B9%81%E0%B8%99%E0%B8%A5-%E0%B8%88%E0%B8%B3%E0%B8%81%E0%B8%B1%E0%B8%94-8YbVdocF6
ขายปลีกชุดกีฬา,บริษัท คิก้า (ไทยแลนด์) จำกัด,332-5 หมู่ 12 หมู่บ้านพรทวีวัฒน์ ซอย 73/1 ถนนเพชรเกษม แขวงหนองค้างพลู เขตหนองแขม กรุงเทพมหานคร 10160,02-809-7791,No Map,No Description,https://www.yellowpages.co.th/profile/%E0%B8%9A%E0%B8%A3%E0%B8%B4%E0%B8%A9%E0%B8%B1%E0%B8%97-%E0%B8%84%E0%B8%B4%E0%B8%81%E0%B9%89%E0%B8%B2-%E0%B9%84%E0%B8%97%E0%B8%A2%E0%B9%81%E0%B8%A5%E0%B8%99%E0%B8%94%E0%B9%8C-%E0%B8%88%E0%B8%B3%E0%B8%81%E0%B8%B1%E0%B8%94-92p4Gwjrv
ขายปลีกชุดกีฬา,No Name,Unknown,No Phone,No Map,No Description,https://www.yellowpages.co.th/profile/%E0%B8%A3%E0%B9%89%E0%B8%B2%E0%B8%99-%E0%B9%80%E0%B8%AD-%E0%B8%94%E0%B8%B5-%E0%B8%AA%E0%B8%9B%E0%B8%AD%E0%B8%A3%E0%B9%8C%E0%B8%95-93ASuabWT
ขายปลีกชุดกีฬา,No Name,Unknown,No Phone,No Map,No Description,https://www.yellowpages.co.th/profile/%E0%B8%9A%E0%B8%A3%E0%B8%B4%E0%B8%A9%E0%B8%B1%E0%B8%97-%E0%B9%80%E0%B8%A5%E0%B8%AD-%E0%B9%81%E0%B8%AD%E0%B8%A3%E0%B9%8C%E0%B8%A3%E0%B8%B5%E0%B9%88-%E0%B8%AA%E0%B8%9B%E0%B8%AD%E0%B8%A3%E0%B9%8C%E0%B8%95%E0%B9%81%E0%B8%A7%E0%B8%A3%E0%B9%8C-%E0%B8%88%E0%B8%B3%E0%B8%81%E0%B8%B1%E0%B8%94-920wi0MTG
ขายปลีกชุดกีฬา,No Name,Unknown,No Phone,No Map,No Description,https://www.yellowpages.co.th/profile/%E0%B8%A3%E0%B9%89%E0%B8%B2%E0%B8%99-%E0%B8%A2%E0%B8%B9%E0%B9%82%E0%B8%94-%E0%B8%AA%E0%B8%9B%E0%B8%AD%E0%B8%A3%E0%B9%8C%E0%B8%95-vEGkAC4P
ขายปลีกเครื่องใช้เทนนิส,บริษัท สปอร์ตโนวา จำกัด,14/29 หมู่ 1 ถนนบางกรวย-ไทรน้อย ตำบลบางกรวย อำเภอบางกรวย จังหวัดนนทบุรี 11130,02-503-4471,No Map,จำหน่ายอุปกรณ์เทนนิส,https://www.yellowpages.co.th/profile/%E0%B8%9A%E0%B8%A3%E0%B8%B4%E0%B8%A9%E0%B8%B1%E0%B8%97-%E0%B8%AA%E0%B8%9B%E0%B8%AD%E0%B8%A3%E0%B9%8C%E0%B8%95%E0%B9%82%E0%B8%99%E0%B8%A7%E0%B8%B2-%E0%B8%88%E0%B8%B3%E0%B8%81%E0%B8%B1%E0%B8%94-930h78SEL
ขายส่งและผู้ผลิตชุดกีฬา,เกรทสปอร์ต,28/4 ถนนโชตนา ตำบลช้างเผือก อำเภอเมืองเชียงใหม่ จังหวัดเชียงใหม่ 50300,053-218-922,"https://maps.google.com/maps/place?q=18.8155056,98.9828028","จำหน่ายเสื้อผ้ากีฬา, ทุกชนิด, อุปกรณ์กีฬา, ถ้วยรางวัล, เหรียญรางวัล, ตัดชุดกีฬา ชุดวอร์ม เชียงใหม่, รับตัดชุดกีฬาเชียงใหม่, ถ้วยรางวัลเชียงใหม่, รับปักเครื่องหมาย สกรีนเสื้อกีฬาครบวงจร ชุดกีฬาสโมสร โล่ รางวัล ชุดทีมสโมสร",https://www.yellowpages.co.th/profile/%E0%B9%80%E0%B8%81%E0%B8%A3%E0%B8%97%E0%B8%AA%E0%B8%9B%E0%B8%AD%E0%B8%A3%E0%B9%8C%E0%B8%95-8T4nsc2lU
ขายส่งและผู้ผลิตชุดกีฬา,ร้าน ศรีทองสปอร์ต,68/1-2 ถนนประชาสโมสร ตำบลในเมือง อำเภอเมืองขอนแก่น จังหวัดขอนแก่น 40000,043-239-858,"https://maps.google.com/maps/place?q=16.44021,102.83301","ขายเสื้อผ้ากีฬา อุปกรณ์กีฬาทุกชนิด รับสั่งตัดเสื้อทีมกีฬาตามสั่ง ตามขนาด ปักชื่อ สกรีนเสื้อผ้ากีฬาครบวงจรรองเท้าฟุตซอล, สตาร์ทฟุตบอล จำหน่ายเสื้อผ้า ชุดกีฬาทุกสโมสร ในประเทศ (แท้) จำหน่ายทั้งปลีกและส่ง",https://www.yellowpages.co.th/profile/%E0%B8%A3%E0%B9%89%E0%B8%B2%E0%B8%99-%E0%B8%A8%E0%B8%A3%E0%B8%B5%E0%B8%97%E0%B8%AD%E0%B8%87%E0%B8%AA%E0%B8%9B%E0%B8%AD%E0%B8%A3%E0%B9%8C%E0%B8%95-5rZuWbeC
ขายส่งและผู้ผลิตชุดกีฬา,ร้าน ศรีทองสปอร์ต,สาขา 2 227/103-5 ถนนหลังศูนย์บริการ ตำบลในเมือง อำเภอเมืองขอนแก่น จังหวัดขอนแก่น 40000,043-330-366-7,"https://maps.google.com/maps/place?q=16.44021,102.83301","ขายเสื้อผ้ากีฬา อุปกรณ์กีฬาทุกชนิด รับสั่งตัดเสื้อทีมกีฬาตามสั่ง ตามขนาด ปักชื่อ สกรีนเสื้อผ้ากีฬาครบวงจรรองเท้าฟุตซอล, สตาร์ทฟุตบอล จำหน่ายเสื้อผ้า ชุดกีฬาทุกสโมสร ในประเทศ (แท้) จำหน่ายทั้งปลีกและส่ง",https://www.yellowpages.co.th/profile/%E0%B8%A3%E0%B9%89%E0%B8%B2%E0%B8%99-%E0%B8%A8%E0%B8%A3%E0%B8%B5%E0%B8%97%E0%B8%AD%E0%B8%87%E0%B8%AA%E0%B8%9B%E0%B8%AD%E0%B8%A3%E0%B9%8C%E0%B8%95-5rZuWbeD
ขายส่งและผู้ผลิตชุดกีฬา,ตูนสปอร์ต,293/59 ถนนบูรพา ตำบลในเมือง อำเภอเมืองชัยภูมิ จังหวัดชัยภูมิ 36000,044-838-119,"https://maps.google.com/maps/place?q=15.81021,102.03726",ผู้ผลิตและจำหน่าย ชุดกีฬา เสื้อกีฬา เสื้อทีมฟุตบอล เสื้อโปโล เสื้อยืด และรับสกรีนเสื้อ รับอัดเฟล็ก เสื้อรุ่น เสื้อพนักงาน เสื้อครอบครัว กางเกงกีฬา รับออกแบบโลโก้ สกรีนเสื้อกีฬา ชุดยูนิฟอร์ม สกรีนเสื้อยืด,https://www.yellowpages.co.th/profile/%E0%B8%95%E0%B8%B9%E0%B8%99%E0%B8%AA%E0%B8%9B%E0%B8%AD%E0%B8%A3%E0%B9%8C%E0%B8%95-93P2o47Sa
ขายส่งและผู้ผลิตชุดกีฬา,ปรีเซ็นเตอร์,35/1-2 ถนนเดชอุดม ตำบลในเมือง อำเภอเมืองนครราชสีมา จังหวัดนครราชสีมา 30000,044-275-107,"https://maps.google.com/maps/place?q=14.96994,102.08514",ศูนย์จำหน่าย ปลีก-ส่ง และรับสั่งทำชุดกีฬา ชุดวอร์ม อุปกรณ์กีฬา ถ้วยรางวัล โล่ห์รางวัล เสื้อกันเปื้อน ชุดนอนอนุบาล ที่นอนอนุบาล ชุดยูนิฟอร์ม เสื้อช๊อป เสื้อโปโล เสื้อยืดทหาร รับผลิตเสื้อกีฬา เสื้อโทเร เสื้อกราว เสื้อสถาบัน พิมพ์สกรีน อัดเฟ็ก ปักโลโก้ รับผลิต เสื้อ กางเกง กีฬา ชุดพละ เสื้อโปโลบริษัทตามสั่ง ตามออร์เดอร์ งานคุณภาพ ฝีมือดี,https://www.yellowpages.co.th/profile/%E0%B8%9B%E0%B8%A3%E0%B8%B5%E0%B9%80%E0%B8%8B%E0%B9%87%E0%B8%99%E0%B9%80%E0%B8%95%E0%B8%AD%E0%B8%A3%E0%B9%8C-92rv4veHo
ขายส่งและผู้ผลิตชุดกีฬา,อานนท์ เฟรม แอนด์ สกรีน,905/6 หมู่ 9 ถนนมหาเทพ ตำบลนครสวรรค์ตก อำเภอเมืองนครสวรรค์ จังหวัดนครสวรรค์ 60000,081-680-6440,"https://maps.google.com/maps/place?q=15.698,100.11708",เสื้อยืด ชุดกีฬา นครสวรรค์ เสื้อสโมสร เสื้อกีฬา นครสวรรค์ สกรีนเสื้อ นครสวรรค์ ทำบล็อกสกรีน จำหน่ายสีสกรีน เสื้อทีมฟุตบอล เสื้อบาสเก็ตบอล หน่วยงาน องค์กร ภาครัฐ โรงเรียน ชุดพละ เสื้อพละ เสื้อกีฬาสี กางเกงวอร์ม ทั้งราคาปลีกและส่ง,https://www.yellowpages.co.th/profile/%E0%B8%AD%E0%B8%B2%E0%B8%99%E0%B8%99%E0%B8%97%E0%B9%8C-%E0%B9%80%E0%B8%9F%E0%B8%A3%E0%B8%A1-%E0%B9%81%E0%B8%AD%E0%B8%99%E0%B8%94%E0%B9%8C-%E0%B8%AA%E0%B8%81%E0%B8%A3%E0%B8%B5%E0%B8%99-93s8yR8Dp
ขายส่งและผู้ผลิตชุดกีฬา,No Name,Unknown,No Phone,No Map,No Description,https://www.yellowpages.co.th/profile/%E0%B9%81%E0%B8%AD%E0%B8%A5-%E0%B8%AA%E0%B8%9B%E0%B8%AD%E0%B8%A3%E0%B9%8C%E0%B8%95-93Yq9vfmQ
ขายส่งและผู้ผลิตชุดกีฬา,No Name,Unknown,No Phone,No Map,No Description,https://www.yellowpages.co.th/profile/%E0%B8%A3%E0%B9%89%E0%B8%B2%E0%B8%99-%E0%B9%80%E0%B8%AD%E0%B8%AA-%E0%B8%97%E0%B8%B5-%E0%B8%9A%E0%B9%89%E0%B8%B2%E0%B8%99%E0%B8%81%E0%B8%B5%E0%B8%AC%E0%B8%B2-93OFgwhHf
ขายส่งและผู้ผลิตชุดกีฬา,No Name,Unknown,No Phone,No Map,No Description,https://www.yellowpages.co.th/profile/%E0%B9%80%E0%B8%88-%E0%B9%80%E0%B8%84-%E0%B8%AA%E0%B8%9B%E0%B8%AD%E0%B8%A3%E0%B9%8C%E0%B8%95-93LpS23G1
ขายส่งและผู้ผลิตชุดกีฬา,No Name,Unknown,No Phone,No Map,No Description,https://www.yellowpages.co.th/profile/%E0%B8%9A%E0%B8%A3%E0%B8%B4%E0%B8%A9%E0%B8%B1%E0%B8%97-%E0%B8%AA%E0%B8%87%E0%B8%A7%E0%B8%99%E0%B8%AA%E0%B8%9B%E0%B8%AD%E0%B8%A3%E0%B9%8C%E0%B8%95-%E0%B8%88%E0%B8%B3%E0%B8%81%E0%B8%B1%E0%B8%94-8RyksVqMF
ขายส่งและผู้ผลิตอุปกรณ์และเครื่องใช้ตกปลา,พอใจ ฟิชชิ่ง,127/126 หมู่ 3 ตำบลปลวกแดง อำเภอปลวกแดง จังหวัดระยอง 21140,089-401-6603,"https://maps.google.com/maps/place?q=12.99988,101.13067",พอใจฟิชชิ่ง ร้านขายอุปกรณ์ตกปลา ระยอง ร้านจำหน่ายอุปกรณ์ตกปลา ระยอง เช่น คันเบ็ดคันตีเหยื่อปลอม คันเบท คันสปินนิ่งมีทั้งท่อนเดียวและสองท่อน รอกตกปลา รอกสปินนิ่ง Spinning Reel รอกหยดน้ำ Casting Reel รอกเบท Baitcasting Reel รอกกระปุก รอกทรอลิ่ง สายเอ็น สายลีด สายสลิง เบ็ดซอง เบ็ดจิ๊ก เบ็ดกล่องตูดห่วง เบ็ดกล่องตูดรู เบ็ดเกี่ยวเหยื่อยาง เบ็ดสามทาง...,https://www.yellowpages.co.th/profile/%E0%B8%9E%E0%B8%AD%E0%B9%83%E0%B8%88-%E0%B8%9F%E0%B8%B4%E0%B8%8A%E0%B8%8A%E0%B8%B4%E0%B9%88%E0%B8%87-93ZK5HicJ
ขายส่งและผู้ผลิตอุปกรณ์และเครื่องใช้ตกปลา,88 ฟิซชิ่ง,2/244 หมู่13 ซอยรัตนาธิเบศร์ ถนนรัตนาธิเบศร ตำบลบางรักพัฒนา อำเภอบางบัวทอง จังหวัดนนทบุรี 11110,083-279-8824,"https://maps.google.com/maps/place?q=13.8796916,100.3452232","ร้านจำหน่าย อุปกรณ์ตกปลา อาทิ รอกเบท, รอกหยดน้ำ, รอกไฟฟ้า,สายลีดสลิงตกปลา สายสลิงเคลือบ, สายช็อคลีดเดอร์, โยกุ้งเรืองแสง เหยื่อปลอมตกหมึก, เหยื่อปลายาง, Attacker PRAWN HOOK OKIAMI, Attacker ISEAMA RING Super needle point,ลูกหมุน Attacker HEAVY GAME SNAP รุ่น 2022 เป็นต้นและมีอุปกรณ์เดินป่า มือสองจากญี่ปุ่น จำหน่าย",https://www.yellowpages.co.th/profile/88-%E0%B8%9F%E0%B8%B4%E0%B8%8B%E0%B8%8A%E0%B8%B4%E0%B9%88%E0%B8%87-dUHgrChUc
ขายส่งและผู้ผลิตอุปกรณ์และเครื่องใช้ตกปลา,No Name,Unknown,No Phone,No Map,No Description,https://www.yellowpages.co.th/profile/%E0%B8%A3%E0%B9%89%E0%B8%B2%E0%B8%99%E0%B9%80%E0%B8%9E%E0%B8%B5%E0%B8%A2%E0%B8%A7%E0%B8%9F%E0%B8%B4%E0%B8%8A%E0%B8%8A%E0%B8%B4%E0%B9%88%E0%B8%87-dULMQa7ua
ขายส่งและผู้ผลิตอุปกรณ์และเครื่องใช้ตกปลา,No Name,Unknown,No Phone,No Map,No Description,https://www.yellowpages.co.th/profile/%E0%B9%80%E0%B8%9A%E0%B9%87%E0%B8%94%E0%B8%97%E0%B9%89%E0%B8%B2%E0%B8%A2%E0%B8%A3%E0%B8%96-92OyBejhZ
ขายส่งและผู้ผลิตอุปกรณ์และเครื่องใช้ตกปลา,No Name,Unknown,No Phone,No Map,No Description,https://www.yellowpages.co.th/profile/%E0%B9%80%E0%B8%9A%E0%B9%87%E0%B8%94%E0%B8%97%E0%B9%89%E0%B8%B2%E0%B8%A2%E0%B8%A3%E0%B8%96-92OyBeji0
ขายส่งและผู้ผลิตอุปกรณ์และเครื่องใช้ตกปลา,No Name,Unknown,No Phone,No Map,No Description,https://www.yellowpages.co.th/profile/%E0%B9%80%E0%B8%9A%E0%B9%87%E0%B8%94%E0%B8%97%E0%B9%89%E0%B8%B2%E0%B8%A2%E0%B8%A3%E0%B8%96-92OyBeji1
ขายส่งและผู้ผลิตอุปกรณ์และเครื่องใช้ตกปลา,No Name,Unknown,No Phone,No Map,No Description,https://www.yellowpages.co.th/profile/%E0%B9%80%E0%B8%9A%E0%B9%87%E0%B8%94%E0%B8%97%E0%B9%89%E0%B8%B2%E0%B8%A2%E0%B8%A3%E0%B8%96-92OyBejhY
ขายส่งและผู้ผลิตอุปกรณ์และเครื่องใช้ตกปลา,No Name,Unknown,No Phone,No Map,No Description,https://www.yellowpages.co.th/profile/%E0%B8%97%E0%B8%B5%E0%B8%A1-%E0%B8%9E%E0%B8%B5-%E0%B9%81%E0%B8%AD%E0%B8%99%E0%B8%94%E0%B9%8C-%E0%B8%A7%E0%B8%B2%E0%B8%A2-93DSvibbc
ขายส่งและผู้ผลิตอุปกรณ์และเครื่องใช้ตกปลา,No Name,Unknown,No Phone,No Map,No Description,https://www.yellowpages.co.th/profile/%E0%B8%A3%E0%B9%89%E0%B8%B2%E0%B8%99-%E0%B8%AA%E0%B8%B4%E0%B8%A3%E0%B8%A0%E0%B8%9E-%E0%B8%88%E0%B8%AD%E0%B8%AB%E0%B8%AD-%E0%B8%9F%E0%B8%B4%E0%B8%8A%E0%B8%8A%E0%B8%B4%E0%B9%88%E0%B8%87-924DrgS7r
ขายส่งและผู้ผลิตอุปกรณ์และเครื่องใช้ตกปลา,No Name,Unknown,No Phone,No Map,No Description,https://www.yellowpages.co.th/profile/%E0%B8%9F%E0%B8%B4%E0%B8%8A%E0%B8%8A%E0%B8%B4%E0%B9%88%E0%B8%87%E0%B9%82%E0%B8%81-%E0%B9%80%E0%B8%A1%E0%B8%B7%E0%B8%AD%E0%B8%87%E0%B8%97%E0%B8%AD%E0%B8%87-92PB7b92V
ต่อและซ่อมเรือยอร์ท,บริษัท อีลิท เซล แอนด์ ไดฟ์ จำกัด,20/3 หมู่ 2 ถนนเทพกษัตรี ตำบลเกาะแก้ว อำเภอเมืองภูเก็ต จังหวัดภูเก็ต 83000,076-273-476,No Map,ให้เช่าเรือยอร์ท,https://www.yellowpages.co.th/profile/%E0%B8%9A%E0%B8%A3%E0%B8%B4%E0%B8%A9%E0%B8%B1%E0%B8%97-%E0%B8%AD%E0%B8%B5%E0%B8%A5%E0%B8%B4%E0%B8%97-%E0%B9%80%E0%B8%8B%E0%B8%A5-%E0%B9%81%E0%B8%AD%E0%B8%99%E0%B8%94%E0%B9%8C-%E0%B9%84%E0%B8%94%E0%B8%9F%E0%B9%8C-%E0%B8%88%E0%B8%B3%E0%B8%81%E0%B8%B1%E0%B8%94-91pFz4VEz
ต่อและซ่อมเรือยอร์ท,No Name,Unknown,No Phone,No Map,No Description,https://www.yellowpages.co.th/profile/%E0%B8%9A%E0%B8%A3%E0%B8%B4%E0%B8%A9%E0%B8%B1%E0%B8%97-%E0%B8%8B%E0%B8%B4%E0%B8%A5%E0%B8%84%E0%B9%8C%E0%B9%84%E0%B8%A5%E0%B8%99-%E0%B8%AD%E0%B8%B4%E0%B8%99%E0%B9%80%E0%B8%95%E0%B8%AD%E0%B8%A3%E0%B9%8C%E0%B9%80%E0%B8%99%E0%B8%8A%E0%B8%B1%E0%B9%88%E0%B8%99%E0%B9%81%E0%B8%99%E0%B8%A5-%E0%B8%88%E0%B8%B3%E0%B8%81%E0%B8%B1%E0%B8%94-2KN61N9oh
ต่อและซ่อมเรือยอร์ท,No Name,Unknown,No Phone,No Map,No Description,https://www.yellowpages.co.th/profile/%E0%B8%9A%E0%B8%A3%E0%B8%B4%E0%B8%A9%E0%B8%B1%E0%B8%97-%E0%B9%82%E0%B8%81%E0%B8%A3%E0%B9%8C%E0%B8%94%E0%B8%AD%E0%B8%99-%E0%B9%80%E0%B8%AD%E0%B9%80%E0%B8%8A%E0%B8%B5%E0%B8%A2-%E0%B9%81%E0%B8%9B%E0%B8%8B%E0%B8%B4%E0%B8%9F%E0%B8%B4%E0%B8%84-%E0%B8%8B%E0%B8%B8%E0%B8%9B%E0%B9%80%E0%B8%9B%E0%B8%AD%E0%B8%A3%E0%B9%8C%E0%B8%A2%E0%B8%AD%E0%B8%8A%E0%B9%8C%E0%B8%97%E0%B8%AA%E0%B9%8C-%E0%B8%88%E0%B8%B3%E0%B8%81%E0%B8%B1%E0%B8%94-92TZuMkHv
ต่อและซ่อมเรือยอร์ท,No Name,Unknown,No Phone,No Map,No Description,https://www.yellowpages.co.th/profile/%E0%B8%9A%E0%B8%A3%E0%B8%B4%E0%B8%A9%E0%B8%B1%E0%B8%97-%E0%B8%A2%E0%B8%AD%E0%B8%A3%E0%B9%8C%E0%B8%8A-%E0%B9%82%E0%B8%8B%E0%B8%A5%E0%B8%B9%E0%B8%8A%E0%B8%B1%E0%B9%88%E0%B8%99-%E0%B8%88%E0%B8%B3%E0%B8%81%E0%B8%B1%E0%B8%94-8VjLzK51m
ผู้ค้าเรือ,จักรยานน้ำเรือปั่น - จิตต์ไฟเบอร์ เทค,Unknown,081-714-6874,#,No Description,https://www.จักรยานน้ำ.com
ผู้ค้าเรือ,เรือพายพลาสติก - จิตต์ไฟเบอร์ เทค,Unknown,081-714-6874,#,No Description,https://www.เรือพายพลาสติก.com
ผู้ค้าเรือ,บริษัท เมอเคเตอร์ ไทยมาริไทม์ จำกัด,581 ซอย 39 ถนนรามคำแหง แขวงวังทองหลาง เขตวังทองหลาง กรุงเทพมหานคร 10310,02-957-5627,"https://maps.google.com/maps/place?q=13.767076497998,100.60137185453","""ซื้อขายเช่าเรือ, เรือสินค้าทุกประเภท, เรือบาจ, เรือทัก,บริการงานขุดลอก, แม่น้ำลำคลอง, ท่าเรือ ,บริการรับงานกู้เรือในทะเลและในแม่น้ำ,ผลิตและจำหน่ายเรือไฟเบอร์กลาส, Hi-Speed Boat""",https://www.yellowpages.co.th/profile/%E0%B8%9A%E0%B8%A3%E0%B8%B4%E0%B8%A9%E0%B8%B1%E0%B8%97-%E0%B9%80%E0%B8%A1%E0%B8%AD%E0%B9%80%E0%B8%84%E0%B9%80%E0%B8%95%E0%B8%AD%E0%B8%A3%E0%B9%8C-%E0%B9%84%E0%B8%97%E0%B8%A2%E0%B8%A1%E0%B8%B2%E0%B8%A3%E0%B8%B4%E0%B9%84%E0%B8%97%E0%B8%A1%E0%B9%8C-%E0%B8%88%E0%B8%B3%E0%B8%81%E0%B8%B1%E0%B8%94-93NqAs0Ch
ผู้ค้าเรือ,บริษัท เรือสปีดโบ๊ท-พาวเวอร์สปอร์ต แม็กซ์ จำกัด,9 หมู่ 6 ตำบลเนินพระ อำเภอเมืองระยอง จังหวัดระยอง 21000,086-831-2872,"https://maps.google.com/maps/place?q=13.15839,101.35297","สปีดโบ๊ทระยอง, เจ็ทสกีระยอง, รถเอวีทีวีระยอง,รถยูทีวีระยอง,รถมอเตอร์ไซต์วิบากระยอง,รถวิบากระยอง,รถฮาเลย์ระยอง,รถกอล์ฟระยอง",https://www.yellowpages.co.th/profile/%E0%B8%9A%E0%B8%A3%E0%B8%B4%E0%B8%A9%E0%B8%B1%E0%B8%97-%E0%B9%80%E0%B8%A3%E0%B8%B7%E0%B8%AD%E0%B8%AA%E0%B8%9B%E0%B8%B5%E0%B8%94%E0%B9%82%E0%B8%9A%E0%B9%8A%E0%B8%97-%E0%B8%9E%E0%B8%B2%E0%B8%A7%E0%B9%80%E0%B8%A7%E0%B8%AD%E0%B8%A3%E0%B9%8C%E0%B8%AA%E0%B8%9B%E0%B8%AD%E0%B8%A3%E0%B9%8C%E0%B8%95-%E0%B9%81%E0%B8%A1%E0%B9%87%E0%B8%81%E0%B8%8B%E0%B9%8C-%E0%B8%88%E0%B8%B3%E0%B8%81%E0%B8%B1%E0%B8%94-93EK6N4vi
ผู้ค้าเรือ,บริษัท ฟังก์ชั่น มารีน จำกัด,313 ถนนเจริญพัฒนา แขวงบางชัน เขตคลองสามวา กรุงเทพมหานคร 10510,02-540-6263,No Map,"จัดจำหน่ายเรือ Sport Boats, Sport Cruisers, Sport Yachts, Yachts, เรือยาง และอุปกรณ์เรือต่างๆ รถเอทีวี",https://www.yellowpages.co.th/profile/%E0%B8%9A%E0%B8%A3%E0%B8%B4%E0%B8%A9%E0%B8%B1%E0%B8%97-%E0%B8%9F%E0%B8%B1%E0%B8%87%E0%B8%81%E0%B9%8C%E0%B8%8A%E0%B8%B1%E0%B9%88%E0%B8%99-%E0%B8%A1%E0%B8%B2%E0%B8%A3%E0%B8%B5%E0%B8%99-%E0%B8%88%E0%B8%B3%E0%B8%81%E0%B8%B1%E0%B8%94-91QE4hjw8
ผู้ค้าเรือ,บริษัท ไทยแสกนดิเนเวี่ยน ชิปโบรคเคอร์ จำกัด,200/92 หมู่ 3 ถนนวัชรพล แขวงท่าแร้ง เขตบางเขน กรุงเทพมหานคร 10220,02-949-0949,No Map,บริการซื้อ-ขายส่งเรือ,https://www.yellowpages.co.th/profile/%E0%B8%9A%E0%B8%A3%E0%B8%B4%E0%B8%A9%E0%B8%B1%E0%B8%97-%E0%B9%84%E0%B8%97%E0%B8%A2%E0%B9%81%E0%B8%AA%E0%B8%81%E0%B8%99%E0%B8%94%E0%B8%B4%E0%B9%80%E0%B8%99%E0%B9%80%E0%B8%A7%E0%B8%B5%E0%B9%88%E0%B8%A2%E0%B8%99-%E0%B8%8A%E0%B8%B4%E0%B8%9B%E0%B9%82%E0%B8%9A%E0%B8%A3%E0%B8%84%E0%B9%80%E0%B8%84%E0%B8%AD%E0%B8%A3%E0%B9%8C-%E0%B8%88%E0%B8%B3%E0%B8%81%E0%B8%B1%E0%B8%94-93REsjuKC
ผู้ค้าเรือ,แกรนด์แอดเวนเจอร์,96 ถนนสวนศิริ ตำบลหาดใหญ่ อำเภอหาดใหญ่ จังหวัดสงขลา 90110,081-896-6017,No Map,จำหน่ายเรือ เรือคายัค เรือยาง เรือกู้ภัย เต็นท์ อุปกรณ์แคมปิ้ง กระเป๋ากันน้ำ,https://www.yellowpages.co.th/profile/%E0%B9%81%E0%B8%81%E0%B8%A3%E0%B8%99%E0%B8%94%E0%B9%8C%E0%B9%81%E0%B8%AD%E0%B8%94%E0%B9%80%E0%B8%A7%E0%B8%99%E0%B9%80%E0%B8%88%E0%B8%AD%E0%B8%A3%E0%B9%8C-92IQRwMQK
ผู้ค้าเรือ,บริษัท เอสเอ็ม ชิปปิ้ง คอนซัลแทนท์ จำกัด,88 ซอย 30 ถนนบางนา-ตราด แขวงบางนา เขตบางนา กรุงเทพมหานคร 10260,02-398-5140-2,No Map,No Description,https://www.yellowpages.co.th/profile/%E0%B8%9A%E0%B8%A3%E0%B8%B4%E0%B8%A9%E0%B8%B1%E0%B8%97-%E0%B9%80%E0%B8%AD%E0%B8%AA%E0%B9%80%E0%B8%AD%E0%B9%87%E0%B8%A1-%E0%B8%8A%E0%B8%B4%E0%B8%9B%E0%B8%9B%E0%B8%B4%E0%B9%89%E0%B8%87-%E0%B8%84%E0%B8%AD%E0%B8%99%E0%B8%8B%E0%B8%B1%E0%B8%A5%E0%B9%81%E0%B8%97%E0%B8%99%E0%B8%97%E0%B9%8C-%E0%B8%88%E0%B8%B3%E0%B8%81%E0%B8%B1%E0%B8%94-93RBZkCmi
ผู้ค้าเรือ,บี โบ๊ท ไฟเบอร์กลาส,128/1 หมู่ 3 ตำบลนาจอมเทียน อำเภอสัตหีบ จังหวัดชลบุรี 20250,081-866-9653,No Map,No Description,https://www.yellowpages.co.th/profile/%E0%B8%9A%E0%B8%B5-%E0%B9%82%E0%B8%9A%E0%B9%8A%E0%B8%97-%E0%B9%84%E0%B8%9F%E0%B9%80%E0%B8%9A%E0%B8%AD%E0%B8%A3%E0%B9%8C%E0%B8%81%E0%B8%A5%E0%B8%B2%E0%B8%AA-92INtPXOp
ผู้ค้าเรือ,บริษัท บาคริ โคโน จำกัด,5/7 หมู่ 4 ตำบลเนินพระ อำเภอเมืองระยอง จังหวัดระยอง 21150,038-010-570-1,No Map,บริษัท บาคริ โคโน จำกัด ผลิตเรือยอร์ช โครงสร้างเรือทำจากไฟเบอร์กลาสพร้อมตกแต่งภายในอย่างหรูหรา เพื่อใช้เป็นเรือส่วนตัว และเช่าเหมาลำ ผลิตและจำหน่ายนำเข้าและส่งออกเรือยอร์ชและเรือหลายชนิด ตอบสนองตามความต้องการลูกค้าหรือสามารถปรึกษาเราได้,https://www.yellowpages.co.th/profile/%E0%B8%9A%E0%B8%A3%E0%B8%B4%E0%B8%A9%E0%B8%B1%E0%B8%97-%E0%B8%9A%E0%B8%B2%E0%B8%84%E0%B8%A3%E0%B8%B4-%E0%B9%82%E0%B8%84%E0%B9%82%E0%B8%99-%E0%B8%88%E0%B8%B3%E0%B8%81%E0%B8%B1%E0%B8%94-dUKNBpo3d
ผู้ค้าเรือ,บริษัท มายาดชิปปิ้งไลนส์ จำกัด,3362/4 ซอยมโนรม ถนนพระราม 4 แขวงคลองเตย เขตคลองเตย กรุงเทพมหานคร 10110,02-249-3434,No Map,ธุรกิจทางเรือ,https://www.yellowpages.co.th/profile/%E0%B8%9A%E0%B8%A3%E0%B8%B4%E0%B8%A9%E0%B8%B1%E0%B8%97-%E0%B8%A1%E0%B8%B2%E0%B8%A2%E0%B8%B2%E0%B8%94%E0%B8%8A%E0%B8%B4%E0%B8%9B%E0%B8%9B%E0%B8%B4%E0%B9%89%E0%B8%87%E0%B9%84%E0%B8%A5%E0%B8%99%E0%B8%AA%E0%B9%8C-%E0%B8%88%E0%B8%B3%E0%B8%81%E0%B8%B1%E0%B8%94-19uDC1HOU
ผู้ค้าเรือ,บริษัท ทีคิว คอนซัลแทนซ์ จำกัด,392/1 ถนนประชายินดี ตำบลหาดใหญ่ อำเภอหาดใหญ่ จังหวัดสงขลา 90110,074-234-990-2,No Map,ตัวแทนบริการเดินเรือ,https://www.yellowpages.co.th/profile/%E0%B8%9A%E0%B8%A3%E0%B8%B4%E0%B8%A9%E0%B8%B1%E0%B8%97-%E0%B8%97%E0%B8%B5%E0%B8%84%E0%B8%B4%E0%B8%A7-%E0%B8%84%E0%B8%AD%E0%B8%99%E0%B8%8B%E0%B8%B1%E0%B8%A5%E0%B9%81%E0%B8%97%E0%B8%99%E0%B8%8B%E0%B9%8C-%E0%B8%88%E0%B8%B3%E0%B8%81%E0%B8%B1%E0%B8%94-92yZCdJFs
ผู้ค้าเรือ,บริษัท มาโคโปโล จำกัด,24 หมู่ 1 ตำบลทุ่งสุขลา อำเภอศรีราชา จังหวัดชลบุรี 20230,038-766-303-4,No Map,No Description,https://www.yellowpages.co.th/profile/%E0%B8%9A%E0%B8%A3%E0%B8%B4%E0%B8%A9%E0%B8%B1%E0%B8%97-%E0%B8%A1%E0%B8%B2%E0%B9%82%E0%B8%84%E0%B9%82%E0%B8%9B%E0%B9%82%E0%B8%A5-%E0%B8%88%E0%B8%B3%E0%B8%81%E0%B8%B1%E0%B8%94-91u5XzBes
ผู้ผลิตและจำหน่ายกระบี่,โรงงาน กระบี่ อา วี แอนด์ ซันส์,20/39 หมู่ 4 ถนนเอกชัย ตำบลคอกกระบือ อำเภอเมืองสมุทรสาคร จังหวัดสมุทรสาคร 74000,034-494-078,No Map,จำหน่าย กระบี่ เครื่องประดับยศ,https://www.yellowpages.co.th/profile/%E0%B9%82%E0%B8%A3%E0%B8%87%E0%B8%87%E0%B8%B2%E0%B8%99-%E0%B8%81%E0%B8%A3%E0%B8%B0%E0%B8%9A%E0%B8%B5%E0%B9%88-%E0%B8%AD%E0%B8%B2-%E0%B8%A7%E0%B8%B5-%E0%B9%81%E0%B8%AD%E0%B8%99%E0%B8%94%E0%B9%8C-%E0%B8%8B%E0%B8%B1%E0%B8%99%E0%B8%AA%E0%B9%8C-92q67FGJt
ผู้ผลิตและจำหน่ายกระบี่,โรงงาน อาร์ วี แอนด์ ซัน,20/39 หมู่ 4 ถนนเอกชัย ตำบลคอกกระบือ อำเภอเมืองสมุทรสาคร จังหวัดสมุทรสาคร 74000,081-817-0244,No Map,No Description,https://www.yellowpages.co.th/profile/%E0%B9%82%E0%B8%A3%E0%B8%87%E0%B8%87%E0%B8%B2%E0%B8%99-%E0%B8%AD%E0%B8%B2%E0%B8%A3%E0%B9%8C-%E0%B8%A7%E0%B8%B5-%E0%B9%81%E0%B8%AD%E0%B8%99%E0%B8%94%E0%B9%8C-%E0%B8%8B%E0%B8%B1%E0%B8%99-92q9Mvtjx
อะไหล่และซ่อมเครื่องติดท้ายเรือ,บริษัท ซีท ภูเก็ต จำกัด,22/17 หมู่ 2 ถนนเทพกระษัตรี ตำบลเกาะแก้ว อำเภอเมืองภูเก็ต จังหวัดภูเก็ต 83000,076-239-714-5,No Map,No Description,https://www.yellowpages.co.th/profile/%E0%B8%9A%E0%B8%A3%E0%B8%B4%E0%B8%A9%E0%B8%B1%E0%B8%97-%E0%B8%8B%E0%B8%B5%E0%B8%97-%E0%B8%A0%E0%B8%B9%E0%B9%80%E0%B8%81%E0%B9%87%E0%B8%95-%E0%B8%88%E0%B8%B3%E0%B8%81%E0%B8%B1%E0%B8%94-4CDOxZpaE
อะไหล่และซ่อมเครื่องติดท้ายเรือ,บริษัท ซีท พัทยา จำกัด,308/4 หมู่ 12 ถนนทัพพระยา ตำบลหนองปรือ อำเภอบางละมุง จังหวัดชลบุรี 20150,038-252-412-5,No Map,เรือ-เครื่องติดท้าย,https://www.yellowpages.co.th/profile/%E0%B8%9A%E0%B8%A3%E0%B8%B4%E0%B8%A9%E0%B8%B1%E0%B8%97-%E0%B8%8B%E0%B8%B5%E0%B8%97-%E0%B8%9E%E0%B8%B1%E0%B8%97%E0%B8%A2%E0%B8%B2-%E0%B8%88%E0%B8%B3%E0%B8%81%E0%B8%B1%E0%B8%94-RHIs18tP
อะไหล่และซ่อมเครื่องติดท้ายเรือ,บริษัท โชคไพบูลย์ เอ็นจิเนียริ่ง จำกัด,5/8-9 ถนนศรีสุทัศน์ ตำบลตลาดใหญ่ อำเภอเมืองภูเก็ต จังหวัดภูเก็ต 83000,076-217-044,"https://maps.google.com/maps/place?q=7.88501,98.4069",จำหน่ายอุปกรณ์ไฟฟ้า-อะไหล่เรือ,https://www.yellowpages.co.th/profile/%E0%B8%9A%E0%B8%A3%E0%B8%B4%E0%B8%A9%E0%B8%B1%E0%B8%97-%E0%B9%82%E0%B8%8A%E0%B8%84%E0%B9%84%E0%B8%9E%E0%B8%9A%E0%B8%B9%E0%B8%A5%E0%B8%A2%E0%B9%8C-%E0%B9%80%E0%B8%AD%E0%B9%87%E0%B8%99%E0%B8%88%E0%B8%B4%E0%B9%80%E0%B8%99%E0%B8%B5%E0%B8%A2%E0%B8%A3%E0%B8%B4%E0%B9%88%E0%B8%87-%E0%B8%88%E0%B8%B3%E0%B8%81%E0%B8%B1%E0%B8%94-93sEdtZR3
อะไหล่และซ่อมเครื่องติดท้ายเรือ,บริษัท วาย เอส อี มารีน เอ็นจิเนียริ่ง จำกัด,20/55 หมู่ 2 ถนนเทพกระษัตรี ตำบลเกาะแก้ว อำเภอเมืองภูเก็ต จังหวัดภูเก็ต 83000,076-238-665,No Map,จำหน่ายอะไหล่และบริการซ่อมเครื่องยนต์เรือ,https://www.yellowpages.co.th/profile/%E0%B8%9A%E0%B8%A3%E0%B8%B4%E0%B8%A9%E0%B8%B1%E0%B8%97-%E0%B8%A7%E0%B8%B2%E0%B8%A2-%E0%B9%80%E0%B8%AD%E0%B8%AA-%E0%B8%AD%E0%B8%B5-%E0%B8%A1%E0%B8%B2%E0%B8%A3%E0%B8%B5%E0%B8%99-%E0%B9%80%E0%B8%AD%E0%B9%87%E0%B8%99%E0%B8%88%E0%B8%B4%E0%B9%80%E0%B8%99%E0%B8%B5%E0%B8%A2%E0%B8%A3%E0%B8%B4%E0%B9%88%E0%B8%87-%E0%B8%88%E0%B8%B3%E0%B8%81%E0%B8%B1%E0%B8%94-93xgi9oQ0
อะไหล่และซ่อมเครื่องติดท้ายเรือ,บริษัท ซี แอนด์ ซี มารีน (ประเทศไทย) จำกัด,16/2 หมู่ 4 ซอยนาใน ถนนเทพกษัตรี ตำบลเกาะแก้ว อำเภอเมืองภูเก็ต จังหวัดภูเก็ต 83000,076-273-247,No Map,บริการซ่อมเรือทุกชนิดทุกขนาด ทำการต่อเรือ จำหน่ายเรือ จำหน่ายอะไหล่เรือ,https://www.yellowpages.co.th/profile/%E0%B8%9A%E0%B8%A3%E0%B8%B4%E0%B8%A9%E0%B8%B1%E0%B8%97-%E0%B8%8B%E0%B8%B5-%E0%B9%81%E0%B8%AD%E0%B8%99%E0%B8%94%E0%B9%8C-%E0%B8%8B%E0%B8%B5-%E0%B8%A1%E0%B8%B2%E0%B8%A3%E0%B8%B5%E0%B8%99-%E0%B8%9B%E0%B8%A3%E0%B8%B0%E0%B9%80%E0%B8%97%E0%B8%A8%E0%B9%84%E0%B8%97%E0%B8%A2-%E0%B8%88%E0%B8%B3%E0%B8%81%E0%B8%B1%E0%B8%94-91NhnrfpI
อะไหล่และซ่อมเครื่องติดท้ายเรือ,บริษัท วัชรมารีน จำกัด,9/21 ถนนเทพกษัตรี ตำบลเกาะแก้ว อำเภอเมืองภูเก็ต จังหวัดภูเก็ต 83000,076-239-825-7,No Map,"จำหน่ายผลิตภัณฑ์ทางน้ำยามาฮ่า เช่น เครื่องติดท้ายเรือ,เจ็ทสกี,อะไหล่อุปกรณ์เสริม บริการซ่อมบำรุงครบวงจร",https://www.yellowpages.co.th/profile/%E0%B8%9A%E0%B8%A3%E0%B8%B4%E0%B8%A9%E0%B8%B1%E0%B8%97-%E0%B8%A7%E0%B8%B1%E0%B8%8A%E0%B8%A3%E0%B8%A1%E0%B8%B2%E0%B8%A3%E0%B8%B5%E0%B8%99-%E0%B8%88%E0%B8%B3%E0%B8%81%E0%B8%B1%E0%B8%94-92akQ4jGs
อะไหล่และซ่อมเครื่องติดท้ายเรือ,บริษัท ฮัล มารีน เซอร์วิส (ภูเก็ต) จำกัด,25/23 ถนนเทพกระษัตรี ตำบลเกาะแก้ว อำเภอเมืองภูเก็ต จังหวัดภูเก็ต 83000,076-377-930-1,No Map,No Description,https://www.yellowpages.co.th/profile/%E0%B8%9A%E0%B8%A3%E0%B8%B4%E0%B8%A9%E0%B8%B1%E0%B8%97-%E0%B8%AE%E0%B8%B1%E0%B8%A5-%E0%B8%A1%E0%B8%B2%E0%B8%A3%E0%B8%B5%E0%B8%99-%E0%B9%80%E0%B8%8B%E0%B8%AD%E0%B8%A3%E0%B9%8C%E0%B8%A7%E0%B8%B4%E0%B8%AA-%E0%B8%A0%E0%B8%B9%E0%B9%80%E0%B8%81%E0%B9%87%E0%B8%95-%E0%B8%88%E0%B8%B3%E0%B8%81%E0%B8%B1%E0%B8%94-93OFkImow
อะไหล่และซ่อมเครื่องติดท้ายเรือ,บริษัท ซวิฟทเฟรท จำกัด,315 ซอยสะพานยาวบ้านใหม่ ถนนเจริญกรุง แขวงวัดพระยาไกร เขตบางคอแหลม กรุงเทพมหานคร 10120,02-291-8921,No Map,ชิ้นส่วนและอะไหล่เรือ,https://www.yellowpages.co.th/profile/%E0%B8%9A%E0%B8%A3%E0%B8%B4%E0%B8%A9%E0%B8%B1%E0%B8%97-%E0%B8%8B%E0%B8%A7%E0%B8%B4%E0%B8%9F%E0%B8%97%E0%B9%80%E0%B8%9F%E0%B8%A3%E0%B8%97-%E0%B8%88%E0%B8%B3%E0%B8%81%E0%B8%B1%E0%B8%94-91kk7f7u9
อะไหล่และซ่อมเครื่องติดท้ายเรือ,บริษัท มารีนอินเทลลิเจ้นท์เซอร์วิส จำกัด,48/151 ถนนสุขาภิบาล 3 แขวงสะพานสูง เขตสะพานสูง กรุงเทพมหานคร 10240,02-729-6498-9,No Map,No Description,https://www.yellowpages.co.th/profile/%E0%B8%9A%E0%B8%A3%E0%B8%B4%E0%B8%A9%E0%B8%B1%E0%B8%97-%E0%B8%A1%E0%B8%B2%E0%B8%A3%E0%B8%B5%E0%B8%99%E0%B8%AD%E0%B8%B4%E0%B8%99%E0%B9%80%E0%B8%97%E0%B8%A5%E0%B8%A5%E0%B8%B4%E0%B9%80%E0%B8%88%E0%B9%89%E0%B8%99%E0%B8%97%E0%B9%8C%E0%B9%80%E0%B8%8B%E0%B8%AD%E0%B8%A3%E0%B9%8C%E0%B8%A7%E0%B8%B4%E0%B8%AA-%E0%B8%88%E0%B8%B3%E0%B8%81%E0%B8%B1%E0%B8%94-8M1kXUTYf
อะไหล่และซ่อมเครื่องติดท้ายเรือ,ห้างหุ้นส่วนจำกัด ปริญญ์ มารีน เอ็นจิเนียริ่ง,52 ซอยทรายทอง 18 ถนนติวานนท์ ตำบลท่าทราย อำเภอเมืองนนทบุรี จังหวัดนนทบุรี 11000,02-951-2720,No Map,บริการซ่อมเรือตรวจการชายฝั่ง,https://www.yellowpages.co.th/profile/%E0%B8%AB%E0%B9%89%E0%B8%B2%E0%B8%87%E0%B8%AB%E0%B8%B8%E0%B9%89%E0%B8%99%E0%B8%AA%E0%B9%88%E0%B8%A7%E0%B8%99%E0%B8%88%E0%B8%B3%E0%B8%81%E0%B8%B1%E0%B8%94-%E0%B8%9B%E0%B8%A3%E0%B8%B4%E0%B8%8D%E0%B8%8D%E0%B9%8C-%E0%B8%A1%E0%B8%B2%E0%B8%A3%E0%B8%B5%E0%B8%99-%E0%B9%80%E0%B8%AD%E0%B9%87%E0%B8%99%E0%B8%88%E0%B8%B4%E0%B9%80%E0%B8%99%E0%B8%B5%E0%B8%A2%E0%B8%A3%E0%B8%B4%E0%B9%88%E0%B8%87-942lhJvd6
อะไหล่และซ่อมเครื่องติดท้ายเรือ,ห้างหุ้นส่วนจำกัด วี ซี มารีน,104/1 หมู่ 3 ตำบลปากคลองบางปลากด อำเภอพระสมุทรเจดีย์ จังหวัดสมุทรปราการ 10290,081-866-3098,No Map,จำหน่าย อะไหล่ เรือ ทั้งเก่าและ ใหม่ รวมทั้ง มือ 1 และมือ 2,https://www.yellowpages.co.th/profile/%E0%B8%AB%E0%B9%89%E0%B8%B2%E0%B8%87%E0%B8%AB%E0%B8%B8%E0%B9%89%E0%B8%99%E0%B8%AA%E0%B9%88%E0%B8%A7%E0%B8%99%E0%B8%88%E0%B8%B3%E0%B8%81%E0%B8%B1%E0%B8%94-%E0%B8%A7%E0%B8%B5-%E0%B8%8B%E0%B8%B5-%E0%B8%A1%E0%B8%B2%E0%B8%A3%E0%B8%B5%E0%B8%99-92S7EoyOn
อะไหล่และซ่อมเครื่องติดท้ายเรือ,ชัยกลกิจ,739/10 ซอยกิ่งจันทร์ ถนนจันทน์ แขวงบางโคล่ เขตบางคอแหลม กรุงเทพมหานคร 10120,02-211-4025,No Map,ผลิตเครื่องติดท้ายเรือและแกนปั๊มน้ำ,https://www.yellowpages.co.th/profile/%E0%B8%8A%E0%B8%B1%E0%B8%A2%E0%B8%81%E0%B8%A5%E0%B8%81%E0%B8%B4%E0%B8%88-93JMxsJKL
อะไหล่และซ่อมเครื่องติดท้ายเรือ,บริษัท เอส แอนด์ เอ็น โซลูชั่น จำกัด,35/108 ซอย 23 ถนนลาดพร้าว แขวงจันทรเกษม เขตจตุจักร กรุงเทพมหานคร 10900,02-938-1114,No Map,จำหน่ายสินค้าทางการสร้างตัวเรือ เหล็กต่อเรือ งานซ่อมตัวเรือ กลจักรและไฟฟ้าในงานเรือ รวมถึงสินค้าทางด้านทหาร,https://www.yellowpages.co.th/profile/%E0%B8%9A%E0%B8%A3%E0%B8%B4%E0%B8%A9%E0%B8%B1%E0%B8%97-%E0%B9%80%E0%B8%AD%E0%B8%AA-%E0%B9%81%E0%B8%AD%E0%B8%99%E0%B8%94%E0%B9%8C-%E0%B9%80%E0%B8%AD%E0%B9%87%E0%B8%99-%E0%B9%82%E0%B8%8B%E0%B8%A5%E0%B8%B9%E0%B8%8A%E0%B8%B1%E0%B9%88%E0%B8%99-%E0%B8%88%E0%B8%B3%E0%B8%81%E0%B8%B1%E0%B8%94-941FIMnBo
อะไหล่และซ่อมเครื่องติดท้ายเรือ,บริษัท แมชชีน เทคโนโลยี่ จำกัด,2/44  อาคารทศพลแลนด์ 4 ซอย 25 ถนนบางนา-ตราด แขวงบางนา เขตบางนา กรุงเทพมหานคร 10260,02-769-5649,No Map,ตัวแทนจำหน่ายสินค้านำเข้าเครื่องจักรสำหรับท่าเรือ,https://www.yellowpages.co.th/profile/%E0%B8%9A%E0%B8%A3%E0%B8%B4%E0%B8%A9%E0%B8%B1%E0%B8%97-%E0%B9%81%E0%B8%A1%E0%B8%8A%E0%B8%8A%E0%B8%B5%E0%B8%99-%E0%B9%80%E0%B8%97%E0%B8%84%E0%B9%82%E0%B8%99%E0%B9%82%E0%B8%A5%E0%B8%A2%E0%B8%B5%E0%B9%88-%E0%B8%88%E0%B8%B3%E0%B8%81%E0%B8%B1%E0%B8%94-92d0I913w
อะไหล่และซ่อมเครื่องติดท้ายเรือ,ร้าน ล้อซุ่ยเซ้ง,64 ซอยตรอกท่าเรือแดง ถนนอู่ทอง ตำบลหัวรอ อำเภอเมืองพระนครศรีอยุธยา จังหวัดพระนครศรีอยุธยา 13000,035-251-093,No Map,จำหน่ายเครื่องเรือหางยาว,https://www.yellowpages.co.th/profile/%E0%B8%A3%E0%B9%89%E0%B8%B2%E0%B8%99-%E0%B8%A5%E0%B9%89%E0%B8%AD%E0%B8%8B%E0%B8%B8%E0%B9%88%E0%B8%A2%E0%B9%80%E0%B8%8B%E0%B9%89%E0%B8%87-Q51q5MTV
อุปกรณ์ เครื่องใช้และบริการประดาน้ำและดำน้ำ,บริษัท ฮ็อทเวฟ เว็ทสูท จำกัด,1/9 หมู่ 5 ถนนวิเศษ ตำบลราไวย์ อำเภอเมืองภูเก็ต จังหวัดภูเก็ต 83130,076-280-787,No Map,รับตัดชุดดำน้ำ,https://www.yellowpages.co.th/profile/%E0%B8%9A%E0%B8%A3%E0%B8%B4%E0%B8%A9%E0%B8%B1%E0%B8%97-%E0%B8%AE%E0%B9%87%E0%B8%AD%E0%B8%97%E0%B9%80%E0%B8%A7%E0%B8%9F-%E0%B9%80%E0%B8%A7%E0%B9%87%E0%B8%97%E0%B8%AA%E0%B8%B9%E0%B8%97-%E0%B8%88%E0%B8%B3%E0%B8%81%E0%B8%B1%E0%B8%94-8ejj4kUSd
อุปกรณ์ เครื่องใช้และบริการประดาน้ำและดำน้ำ,บริษัท เพอร์ฟอร์แมนซ์ แมนูแฟคเจอริ่ง(ไทยแลนด์) จำกัด,97 หมู่ 5 ตำบลเวียงยอง อำเภอเมืองลำพูน จังหวัดลำพูน 51000,053-525-045,No Map,ผลิตภัณฑ์ชุดและอุปกรณ์ทางน้ำ,https://www.yellowpages.co.th/profile/%E0%B8%9A%E0%B8%A3%E0%B8%B4%E0%B8%A9%E0%B8%B1%E0%B8%97-%E0%B9%80%E0%B8%9E%E0%B8%AD%E0%B8%A3%E0%B9%8C%E0%B8%9F%E0%B8%AD%E0%B8%A3%E0%B9%8C%E0%B9%81%E0%B8%A1%E0%B8%99%E0%B8%8B%E0%B9%8C-%E0%B9%81%E0%B8%A1%E0%B8%99%E0%B8%B9%E0%B9%81%E0%B8%9F%E0%B8%84%E0%B9%80%E0%B8%88%E0%B8%AD%E0%B8%A3%E0%B8%B4%E0%B9%88%E0%B8%87-%E0%B9%84%E0%B8%97%E0%B8%A2%E0%B9%81%E0%B8%A5%E0%B8%99%E0%B8%94%E0%B9%8C-%E0%B8%88%E0%B8%B3%E0%B8%81%E0%B8%B1%E0%B8%94-92WRaxUB7
อุปกรณ์ เครื่องใช้และบริการประดาน้ำและดำน้ำ,บริษัท สยามไดวิ่ง เอ็นเตอร์ไพรส์ เอเชีย แปซิฟิก จำกัด,1/4-5 หมู่ 5 ตำบลราไวย์ อำเภอเมืองภูเก็ต จังหวัดภูเก็ต 83130,076-281-401-2,No Map,No Description,https://www.yellowpages.co.th/profile/%E0%B8%9A%E0%B8%A3%E0%B8%B4%E0%B8%A9%E0%B8%B1%E0%B8%97-%E0%B8%AA%E0%B8%A2%E0%B8%B2%E0%B8%A1%E0%B9%84%E0%B8%94%E0%B8%A7%E0%B8%B4%E0%B9%88%E0%B8%87-%E0%B9%80%E0%B8%AD%E0%B9%87%E0%B8%99%E0%B9%80%E0%B8%95%E0%B8%AD%E0%B8%A3%E0%B9%8C%E0%B9%84%E0%B8%9E%E0%B8%A3%E0%B8%AA%E0%B9%8C-%E0%B9%80%E0%B8%AD%E0%B9%80%E0%B8%8A%E0%B8%B5%E0%B8%A2-%E0%B9%81%E0%B8%9B%E0%B8%8B%E0%B8%B4%E0%B8%9F%E0%B8%B4%E0%B8%81-%E0%B8%88%E0%B8%B3%E0%B8%81%E0%B8%B1%E0%B8%94-8UgsjEXnv
อุปกรณ์ เครื่องใช้และบริการประดาน้ำและดำน้ำ,บริษัท ภูเก็ต โพร ไดฟ์ แอนด์ เซล จำกัด,43/24 หมู่ 5 ซอยอ่าวฉลอง ถนนวิเศษ ตำบลราไวย์ อำเภอเมืองภูเก็ต จังหวัดภูเก็ต 83130,076-383-913-4,No Map,อุปกรณ์ และชุดประดาน้ำ,https://www.yellowpages.co.th/profile/%E0%B8%9A%E0%B8%A3%E0%B8%B4%E0%B8%A9%E0%B8%B1%E0%B8%97-%E0%B8%A0%E0%B8%B9%E0%B9%80%E0%B8%81%E0%B9%87%E0%B8%95-%E0%B9%82%E0%B8%9E%E0%B8%A3-%E0%B9%84%E0%B8%94%E0%B8%9F%E0%B9%8C-%E0%B9%81%E0%B8%AD%E0%B8%99%E0%B8%94%E0%B9%8C-%E0%B9%80%E0%B8%8B%E0%B8%A5-%E0%B8%88%E0%B8%B3%E0%B8%81%E0%B8%B1%E0%B8%94-8RBYWqy69
อุปกรณ์ เครื่องใช้และบริการประดาน้ำและดำน้ำ,บริษัท สปอร์ต สปอต (2000) จำกัด,44  โอลิมปิคไทย ทาวเวอร์ ถนนรัชดาภิเษก แขวงสามเสนนอก เขตห้วยขวาง กรุงเทพมหานคร 10310,02-938-9372,No Map,นำเข้าและจำหน่ายแว่นตาว่ายน้ำ,https://www.yellowpages.co.th/profile/%E0%B8%9A%E0%B8%A3%E0%B8%B4%E0%B8%A9%E0%B8%B1%E0%B8%97-%E0%B8%AA%E0%B8%9B%E0%B8%AD%E0%B8%A3%E0%B9%8C%E0%B8%95-%E0%B8%AA%E0%B8%9B%E0%B8%AD%E0%B8%95-2000-%E0%B8%88%E0%B8%B3%E0%B8%81%E0%B8%B1%E0%B8%94-8WeagClBM
อุปกรณ์ เครื่องใช้และบริการประดาน้ำและดำน้ำ,บริษัท สยามไดวิ่ง เอ็นเตอร์ไพรส์ - เอเชีย แปซิฟิก จำกัด,12 ซอย 48 แยก 10 ถนนเฉลิมพระเกียรติ ร 9 แขวงดอกไม้ เขตประเวศ กรุงเทพมหานคร 10250,02-726-6100-2,No Map,จำหน่ายอุปกรณ์ดำน้ำ,https://www.yellowpages.co.th/profile/%E0%B8%9A%E0%B8%A3%E0%B8%B4%E0%B8%A9%E0%B8%B1%E0%B8%97-%E0%B8%AA%E0%B8%A2%E0%B8%B2%E0%B8%A1%E0%B9%84%E0%B8%94%E0%B8%A7%E0%B8%B4%E0%B9%88%E0%B8%87-%E0%B9%80%E0%B8%AD%E0%B9%87%E0%B8%99%E0%B9%80%E0%B8%95%E0%B8%AD%E0%B8%A3%E0%B9%8C%E0%B9%84%E0%B8%9E%E0%B8%A3%E0%B8%AA%E0%B9%8C-%E0%B9%80%E0%B8%AD%E0%B9%80%E0%B8%8A%E0%B8%B5%E0%B8%A2-%E0%B9%81%E0%B8%9B%E0%B8%8B%E0%B8%B4%E0%B8%9F%E0%B8%B4%E0%B8%81-%E0%B8%88%E0%B8%B3%E0%B8%81%E0%B8%B1%E0%B8%94-8WDjRIVzk
อุปกรณ์ เครื่องใช้และบริการประดาน้ำและดำน้ำ,บริษัท ไดฟ์ซัพพลาย จำกัด,88/5 หมู่ 10 ถนนปฏัก ตำบลฉลอง อำเภอเมืองภูเก็ต จังหวัดภูเก็ต 83130,076-383-414-6,No Map,จำหน่ายอุปกรณ์ดำน้ำ,https://www.yellowpages.co.th/profile/%E0%B8%9A%E0%B8%A3%E0%B8%B4%E0%B8%A9%E0%B8%B1%E0%B8%97-%E0%B9%84%E0%B8%94%E0%B8%9F%E0%B9%8C%E0%B8%8B%E0%B8%B1%E0%B8%9E%E0%B8%9E%E0%B8%A5%E0%B8%B2%E0%B8%A2-%E0%B8%88%E0%B8%B3%E0%B8%81%E0%B8%B1%E0%B8%94-81CR30S1m
อุปกรณ์ เครื่องใช้และบริการประดาน้ำและดำน้ำ,บริษัท วอร์ม วอร์เตอร์ ไดเวอร์ จำกัด,227 ถนนราษฎร์อุทิศ 200 ปี ตำบลป่าตอง อำเภอกะทู้ จังหวัดภูเก็ต 83150,076-292-203,No Map,No Description,https://www.yellowpages.co.th/profile/%E0%B8%9A%E0%B8%A3%E0%B8%B4%E0%B8%A9%E0%B8%B1%E0%B8%97-%E0%B8%A7%E0%B8%AD%E0%B8%A3%E0%B9%8C%E0%B8%A1-%E0%B8%A7%E0%B8%AD%E0%B8%A3%E0%B9%8C%E0%B9%80%E0%B8%95%E0%B8%AD%E0%B8%A3%E0%B9%8C-%E0%B9%84%E0%B8%94%E0%B9%80%E0%B8%A7%E0%B8%AD%E0%B8%A3%E0%B9%8C-%E0%B8%88%E0%B8%B3%E0%B8%81%E0%B8%B1%E0%B8%94-8OB4M9ZHf
อุปกรณ์ เครื่องใช้และบริการประดาน้ำและดำน้ำ,บริษัท แพลนเนท สคูบ้า แอนด์ ไวด์ แพลนเนท จำกัด,666 ถนนสุขุมวิท แขวงคลองตัน เขตคลองเตย กรุงเทพมหานคร 10110,02-261-4412-3,No Map,อุปกรณ์ดำน้ำ,https://www.yellowpages.co.th/profile/%E0%B8%9A%E0%B8%A3%E0%B8%B4%E0%B8%A9%E0%B8%B1%E0%B8%97-%E0%B9%81%E0%B8%9E%E0%B8%A5%E0%B8%99%E0%B9%80%E0%B8%99%E0%B8%97-%E0%B8%AA%E0%B8%84%E0%B8%B9%E0%B8%9A%E0%B9%89%E0%B8%B2-%E0%B9%81%E0%B8%AD%E0%B8%99%E0%B8%94%E0%B9%8C-%E0%B9%84%E0%B8%A7%E0%B8%94%E0%B9%8C-%E0%B9%81%E0%B8%9E%E0%B8%A5%E0%B8%99%E0%B9%80%E0%B8%99%E0%B8%97-%E0%B8%88%E0%B8%B3%E0%B8%81%E0%B8%B1%E0%B8%94-3J5pfpXsW
อุปกรณ์ เครื่องใช้และบริการประดาน้ำและดำน้ำ,No Name,Unknown,No Phone,No Map,No Description,https://www.yellowpages.co.th/profile/%E0%B8%9A%E0%B8%A3%E0%B8%B4%E0%B8%A9%E0%B8%B1%E0%B8%97-299-%E0%B8%88%E0%B8%B3%E0%B8%81%E0%B8%B1%E0%B8%94-93EjBs9ua
อุปกรณ์ เครื่องใช้และบริการประดาน้ำและดำน้ำ,บริษัท วอเทอร์เวิลด์เอเซีย จำกัด,189 ถนนราษฎร์อุทิศ 200 ปี ตำบลป่าตอง อำเภอกะทู้ จังหวัดภูเก็ต 83150,076-342-511-3,No Map,ขายอุปกรณ์ดำน้ำ,https://www.yellowpages.co.th/profile/%E0%B8%9A%E0%B8%A3%E0%B8%B4%E0%B8%A9%E0%B8%B1%E0%B8%97-%E0%B8%A7%E0%B8%AD%E0%B9%80%E0%B8%97%E0%B8%AD%E0%B8%A3%E0%B9%8C%E0%B9%80%E0%B8%A7%E0%B8%B4%E0%B8%A5%E0%B8%94%E0%B9%8C%E0%B9%80%E0%B8%AD%E0%B9%80%E0%B8%8B%E0%B8%B5%E0%B8%A2-%E0%B8%88%E0%B8%B3%E0%B8%81%E0%B8%B1%E0%B8%94-92iIlfBoO
อุปกรณ์ เครื่องใช้และบริการประดาน้ำและดำน้ำ,บริษัท สคูบา มาร์เก็ต จำกัด,51 ถนนปฎัก ตำบลกะรน อำเภอเมืองภูเก็ต จังหวัดภูเก็ต 83110,076-284-725-6,No Map,จำหน่ายอุปกรณ์กีฬาทางน้ำ,https://www.yellowpages.co.th/profile/%E0%B8%9A%E0%B8%A3%E0%B8%B4%E0%B8%A9%E0%B8%B1%E0%B8%97-%E0%B8%AA%E0%B8%84%E0%B8%B9%E0%B8%9A%E0%B8%B2-%E0%B8%A1%E0%B8%B2%E0%B8%A3%E0%B9%8C%E0%B9%80%E0%B8%81%E0%B9%87%E0%B8%95-%E0%B8%88%E0%B8%B3%E0%B8%81%E0%B8%B1%E0%B8%94-92Y5PxeMN
อุปกรณ์ เครื่องใช้และบริการประดาน้ำและดำน้ำ,บริษัท อควา มาสเตอร์ (ไทยแลนด์) จำกัด,43/30-2 หมู่ 5 ซอยอ่าวฉลอง ถนนวิเศษ ตำบลราไวย์ อำเภอเมืองภูเก็ต จังหวัดภูเก็ต 83130,076-281-073,No Map,จำหน่ายอุปกรณ์ และเครื่องมือสำหรับประดาน้ำ,https://www.yellowpages.co.th/profile/%E0%B8%9A%E0%B8%A3%E0%B8%B4%E0%B8%A9%E0%B8%B1%E0%B8%97-%E0%B8%AD%E0%B8%84%E0%B8%A7%E0%B8%B2-%E0%B8%A1%E0%B8%B2%E0%B8%AA%E0%B9%80%E0%B8%95%E0%B8%AD%E0%B8%A3%E0%B9%8C-%E0%B9%84%E0%B8%97%E0%B8%A2%E0%B9%81%E0%B8%A5%E0%B8%99%E0%B8%94%E0%B9%8C-%E0%B8%88%E0%B8%B3%E0%B8%81%E0%B8%B1%E0%B8%94-8bhbpCaYa
อุปกรณ์ เครื่องใช้และบริการประดาน้ำและดำน้ำ,No Name,Unknown,No Phone,No Map,No Description,https://www.yellowpages.co.th/profile/%E0%B8%9A%E0%B8%A3%E0%B8%B4%E0%B8%A9%E0%B8%B1%E0%B8%97-%E0%B9%80%E0%B8%AD%E0%B8%AA-%E0%B8%AD%E0%B8%B5-%E0%B8%94%E0%B8%B5-%E0%B8%88%E0%B8%B3%E0%B8%81%E0%B8%B1%E0%B8%94-8T2P2auku
อุปกรณ์ เครื่องใช้และบริการประดาน้ำและดำน้ำ,No Name,Unknown,No Phone,No Map,No Description,https://www.yellowpages.co.th/profile/%E0%B8%9A%E0%B8%A3%E0%B8%B4%E0%B8%A9%E0%B8%B1%E0%B8%97-%E0%B9%80%E0%B8%AD%E0%B8%AA-%E0%B8%AD%E0%B8%B5-%E0%B8%94%E0%B8%B5-%E0%B8%88%E0%B8%B3%E0%B8%81%E0%B8%B1%E0%B8%94-8T2P2aukv
อุปกรณ์ เครื่องใช้และบริการประดาน้ำและดำน้ำ,No Name,Unknown,No Phone,No Map,No Description,https://www.yellowpages.co.th/profile/%E0%B8%9A%E0%B8%A3%E0%B8%B4%E0%B8%A9%E0%B8%B1%E0%B8%97-%E0%B8%AD%E0%B8%84%E0%B8%A7%E0%B8%B2-%E0%B8%AA%E0%B8%9B%E0%B8%AD%E0%B8%A3%E0%B9%8C%E0%B8%95%E0%B8%AA%E0%B9%8C-%E0%B8%88%E0%B8%B3%E0%B8%81%E0%B8%B1%E0%B8%94-92R7JeZ5p
อุปกรณ์ เครื่องใช้และบริการประดาน้ำและดำน้ำ,No Name,Unknown,No Phone,No Map,No Description,https://www.yellowpages.co.th/profile/%E0%B8%9A%E0%B8%A3%E0%B8%B4%E0%B8%A9%E0%B8%B1%E0%B8%97-%E0%B9%81%E0%B8%AD%E0%B8%84%E0%B8%84%E0%B8%A7%E0%B8%B2-%E0%B9%80%E0%B8%A7%E0%B8%B4%E0%B8%A3%E0%B9%8C%E0%B8%A5%E0%B8%94-%E0%B8%81%E0%B8%A3%E0%B8%B0%E0%B8%9A%E0%B8%B5%E0%B9%88-%E0%B8%88%E0%B8%B3%E0%B8%81%E0%B8%B1%E0%B8%94-93MC2RiMd
อุปกรณ์ เครื่องใช้และบริการประดาน้ำและดำน้ำ,No Name,Unknown,No Phone,No Map,No Description,https://www.yellowpages.co.th/profile/%E0%B8%9A%E0%B8%A3%E0%B8%B4%E0%B8%A9%E0%B8%B1%E0%B8%97-%E0%B9%82%E0%B8%9B%E0%B8%A3%E0%B9%80%E0%B8%9F%E0%B8%AA%E0%B8%8A%E0%B8%B1%E0%B9%88%E0%B8%99%E0%B8%99%E0%B8%AD%E0%B8%A5-%E0%B9%84%E0%B8%94%E0%B8%9F%E0%B9%8C%E0%B9%80%E0%B8%A7%E0%B8%AD%E0%B8%A3%E0%B9%8C-%E0%B8%88%E0%B8%B3%E0%B8%81%E0%B8%B1%E0%B8%94-92FQ7BcR7
อุปกรณ์ เครื่องใช้และบริการประดาน้ำและดำน้ำ,No Name,Unknown,No Phone,No Map,No Description,https://www.yellowpages.co.th/profile/%E0%B8%9A%E0%B8%A3%E0%B8%B4%E0%B8%A9%E0%B8%B1%E0%B8%97-%E0%B9%84%E0%B8%94%E0%B8%A7%E0%B9%8C-%E0%B9%80%E0%B8%AD%E0%B9%80%E0%B8%8B%E0%B8%B5%E0%B8%A2-%E0%B8%88%E0%B8%B3%E0%B8%81%E0%B8%B1%E0%B8%94-4bW6JUsmV
อุปกรณ์ เครื่องใช้และบริการประดาน้ำและดำน้ำ,No Name,Unknown,No Phone,No Map,No Description,https://www.yellowpages.co.th/profile/%E0%B9%82%E0%B8%AD%E0%B9%80%E0%B8%8A%E0%B8%B5%E0%B9%88%E0%B8%A2%E0%B8%99-%E0%B9%84%E0%B8%94%E0%B9%80%E0%B8%A7%E0%B8%AD%E0%B8%A3%E0%B9%8C-K7fKjazm
